,price,price,price,price,price,price,usdprice,usdprice,usdprice,usdprice,usdprice,usdprice,price,usdprice,price,price,usdprice,usdprice,price,price,price,price,price,price,price,usdprice,usdprice,usdprice,usdprice,usdprice,usdprice,usdprice,year
commodity,Bread,Fuel (diesel),"Livestock (sheep, one-year-old alive female)","Wage (non-qualified labour, non-agricultural)",Wheat,Wheat flour,Bread,Fuel (diesel),"Livestock (sheep, one-year-old alive female)","Wage (non-qualified labour, non-agricultural)",Wheat,Wheat flour,Rice (low quality),Rice (low quality),Exchange rate,Wage (qualified labour),Exchange rate,Wage (qualified labour),Oil (cooking),Pulses,Rice (high quality),Salt,Sugar,Wheat flour (high quality),Wheat flour (low quality),Oil (cooking),Pulses,Rice (high quality),Salt,Sugar,Wheat flour (high quality),Wheat flour (low quality),
date,,,,,,,,,,,,,,,,,,,,,,,,,,,,,,,,,
2000-01-15,15.25,,,83124.91666666667,12.23,15.545000000000002,0.325,,,1776.5533333333333,0.2625,0.3325,,,,,,,,,,,,,,,,,,,,,2000
2000-02-15,14.56,,,85833.25,11.7475,14.4275,0.30500000000000005,,,1807.015,0.2475,0.3025,,,,,,,,,,,,,,,,,,,,,2000
2000-03-15,14.393333333333333,25091.65,,82569.41666666667,10.93,13.155,0.30333333333333334,530.926,,1747.13,0.2325,0.27749999999999997,,,,,,,,,,,,,,,,,,,,,2000
2000-04-15,16.26,22223.13333333333,,87722.2,13.1425,15.345,0.3433333333333333,470.2316666666666,,1856.1616666666666,0.28,0.3225,,,,,,,,,,,,,,,,,,,,,2000
2000-05-15,16.555,22813.916666666668,1214583.305,89166.66666666667,12.6475,14.245000000000001,0.35,482.7316666666666,25700.028333333332,1886.7250000000001,0.2675,0.3025,,,,,,,,,,,,,,,,,,,,,2000
2000-06-15,18.033333333333335,26243.899999999998,1044055.5666666668,86277.76666666666,13.29,15.43,0.37999999999999995,555.3083333333333,22091.74,1825.5966666666666,0.28250000000000003,0.325,,,,,,,,,,,,,,,,,,,,,2000
2000-07-15,17.605,25696.25,999930.5416666666,85277.75,12.7875,15.13,0.37,540.9766666666667,21051.16833333333,1795.3183333333334,0.2675,0.3175,,,,,,,,,,,,,,,,,,,,,2000
2000-08-15,16.535,23821.13333333333,1043633.3333333334,85388.86666666667,11.99,14.067499999999999,0.35,501.4983333333333,21971.228333333333,1797.6583333333335,0.2525,0.295,,,,,,,,,,,,,,,,,,,,,2000
2000-09-15,16.295,25574.458333333332,986805.5,85277.75,11.735,13.29,0.345,538.4083333333334,20774.853333333333,1795.3183333333334,0.245,0.27749999999999997,,,,,,,,,,,,,,,,,,,,,2000
2000-10-15,18.335,29624.041666666668,995416.625,86527.75,11.28,13.065,0.385,623.6633333333333,20956.138333333332,1821.635,0.2375,0.275,,,,,,,,,,,,,,,,,,,,,2000
2000-11-15,16.67,41356.333333333336,1034188.8333333334,86666.63333333333,11.475,13.02,0.35,870.6583333333333,21772.396666666664,1824.5600000000002,0.24,0.275,,,,,,,,,,,,,,,,,,,,,2000
2000-12-15,16.67,37872.333333333336,1162083.3333333333,83333.33333333333,12.1425,13.715,0.35,797.3133333333334,24464.911666666667,1754.3833333333334,0.255,0.29,,,,,,,,,,,,,,,,,,,,,2000
2001-01-15,16.285,34654.433333333334,1496944.4666666668,84111.13333333333,12.9175,14.46,0.33999999999999997,729.565,31514.621666666662,1770.7583333333334,0.2725,0.305,,,,,,,,,,,,,,,,,,,,,2001
2001-02-15,16.365000000000002,30047.875,1920555.5416666667,82405.20833333333,13.175,14.717500000000001,0.345,500.58666666666664,40432.74833333334,1734.845,0.27749999999999997,0.3125,,,,,,,,,,,,,,,,,,,,,2001
2001-03-15,17.599999999999998,32384.708333333332,2136250.0,82083.33333333333,13.3625,14.875,0.36999999999999994,681.7833333333334,44973.685,1728.0683333333334,0.28,0.315,,,,,,,,,,,,,,,,,,,,,2001
2001-04-15,16.39,28886.25,2013472.25,82222.20833333333,13.0175,14.6475,0.345,608.1316666666667,42388.888333333336,1730.9916666666668,0.2725,0.3075,,,,,,,,,,,,,,,,,,,,,2001
2001-05-15,16.060000000000002,28794.233333333334,1847222.2,81722.23333333334,11.3475,13.105,0.33999999999999997,606.195,38888.88833333333,1720.466666666667,0.2375,0.275,,,,,,,,,,,,,,,,,,,,,2001
2001-06-15,15.68,24206.916666666668,1770138.8333333333,81250.0,9.9825,11.385,0.32999999999999996,509.62000000000006,37266.081666666665,1710.5249999999999,0.2125,0.24,,,,,,,,,,,,,,,,,,,,,2001
2001-07-15,15.585,23742.25,1826333.3333333333,81666.66666666667,8.8625,10.254999999999999,0.32999999999999996,499.83666666666664,38449.121666666666,1386.2966666666669,0.185,0.215,,,,,,,,,,,,,,,,,,,,,2001
2001-08-15,15.705000000000002,23830.899999999998,1850777.8333333333,81055.56666666667,9.2375,10.815,0.32999999999999996,501.7033333333333,38963.745,1706.4316666666666,0.1925,0.2275,,,,,,,,,,,,,,,,,,,,,2001
2001-09-15,15.49,24875.986666666668,1791527.7916666667,81944.44499999999,9.98,11.377500000000001,0.32666666666666666,523.705,37716.37333333333,1725.1433333333334,0.21,0.2375,,,,,,,,,,,,,,,,,,,,,2001
2001-10-15,15.28,25860.0,2012500.0,76500.0,7.3933333333333335,8.31,0.32,544.42,42368.4225,1610.526,0.15333333333333335,0.17333333333333334,,,,,,,,,,,,,,,,,,,,,2001
2001-11-15,12.93,26366.9,1781583.35,68500.0,6.463333333333334,7.890000000000001,0.2733333333333333,555.094,37507.020000000004,1442.104,0.13333333333333333,0.16666666666666666,,,,,,,,,,,,,,,,,,,,,2001
2001-12-15,10.65,19274.1,1488716.65,61415.0,4.59,6.03,0.22,405.77,31341.404,893.3459999999999,0.09599999999999999,0.12666666666666668,,,,,,,,,,,,,,,,,,,,,2001
2002-01-15,7.236666666666667,12792.333333333334,1348211.0,57888.833333333336,3.585,4.609999999999999,0.15333333333333335,269.31333333333333,28383.39,1218.71,0.07550000000000001,0.0985,,,,,,,,,,,,,,,,,,,,,2002
2002-02-15,7.83,13279.666666666666,1556173.1666666667,62194.5,5.38,6.9575,0.165,279.57166666666666,32761.539999999997,1309.3583333333333,0.11,0.14750000000000002,,,,,,,,,,,,,,,,,,,,,2002
2002-03-15,6.0,11987.6,1935000.0,66000.0,4.735,5.79,0.13,252.37199999999999,40736.842,1389.4740000000002,0.09875,0.12,,,,,,,,,,,,,,,,,,,,,2002
2002-04-15,6.824999999999999,11867.0,1872013.8333333333,65083.333333333336,4.67,5.825,0.14500000000000002,249.83,39410.818333333336,1203.675,0.0995,0.125,,,,,,,,,,,,,,,,,,,,,2002
2002-05-15,8.225,11002.5,1944444.5,68611.16666666667,4.675000000000001,5.835,0.175,231.63166666666666,40935.67333333333,1444.445,0.09875,0.1225,,,,,,,,,,,,,,,,,,,,,2002
2002-06-15,10.616666666666667,10953.5,2013541.6666666667,75694.5,4.6875,6.1975,0.22333333333333336,230.6016666666667,42390.35166666667,1593.5683333333334,0.09825,0.1275,,,,,,,,,,,,,,,,,,,,,2002
2002-07-15,7.9399999999999995,14096.5,2115911.1666666665,82916.66666666667,5.075,6.5525,0.16999999999999998,296.7683333333334,44545.496666666666,1745.6116666666667,0.10725,0.1375,,,,,,,,,,,,,,,,,,,,,2002
2002-08-15,9.26,13640.333333333334,1981481.5,82055.5,5.705,6.71,0.19333333333333336,287.1666666666667,41715.39833333334,1727.4816666666666,0.12,0.14250000000000002,,,,,,,,,,,,,,,,,,,,,2002
2002-09-15,11.313333333333333,15338.166666666666,2543388.8333333335,90416.66666666667,7.4375,8.775,0.23666666666666666,322.90833333333336,53545.02833333333,1903.5066666666664,0.1575,0.185,,,,,,,,,,,,,,,,,,,,,2002
2002-10-15,11.31,18171.666666666668,2673264.0,96583.33333333333,8.01,9.782499999999999,0.24,382.56166666666667,56279.24166666667,2033.3316666666667,0.16749999999999998,0.20750000000000002,,,,,,,,,,,,,,,,,,,,,2002
2002-11-15,11.6,22612.5,3426569.3333333335,101750.0,9.1325,11.67,0.24,476.0516666666667,72138.30333333333,2142.103333333333,0.19,0.245,,,,,,,,,,,,,,,,,,,,,2002
2002-12-15,10.0,19619.333333333332,3398902.6666666665,102986.16666666667,7.985,9.8625,0.21,413.03999999999996,71555.84333333334,2168.1316666666667,0.16749999999999998,0.2075,,,,,,,,,,,,,,,,,,,,,2002
2003-01-15,11.5,13.833333333333334,,,7.0,8.75,0.27,0.32166666666666666,,,0.16166666666666665,0.205,,,,,,,,,,,,,,,,,,,,,2003
2003-02-15,11.5,13.666666666666666,,,7.166666666666667,9.5,0.27,0.32,,,0.16666666666666666,0.22,,,,,,,,,,,,,,,,,,,,,2003
2003-03-15,11.5,16.833333333333332,,,7.333333333333333,9.75,0.27,0.39166666666666666,,,0.17,0.225,,,,,,,,,,,,,,,,,,,,,2003
2003-04-15,11.5,15.5,,,7.0,9.0,0.27,0.36333333333333334,,,0.16333333333333333,0.21,,,,,,,,,,,,,,,,,,,,,2003
2003-05-15,12.5,14.833333333333334,,,6.333333333333333,8.75,0.2925,0.3466666666666667,,,0.14833333333333334,0.205,,,,,,,,,,,,,,,,,,,,,2003
2003-06-15,11.5,14.5,,,7.0,9.25,0.27,0.33666666666666667,,,0.16166666666666665,0.215,,,,,,,,,,,,,,,,,,,,,2003
2003-07-15,11.5,14.166666666666666,,,6.833333333333333,9.5,0.27,0.3283333333333333,,,0.15833333333333335,0.22,,,,,,,,,,,,,,,,,,,,,2003
2003-08-15,11.7,13.998333333333333,,,6.933333333333334,9.325,0.275,0.325,,,0.16166666666666665,0.2175,,,,,,,,,,,,,,,,,,,,,2003
2003-09-15,13.700000000000001,14.381666666666666,,,7.245,9.85,0.32,0.33499999999999996,,,0.16833333333333333,0.22999999999999998,,,,,,,,,,,,,,,,,,,,,2003
2003-10-15,13.633333333333333,14.576666666666666,,,7.266666666666667,10.175,0.32,0.3383333333333334,,,0.17,0.2375,,,,,,,,,,,,,,,,,,,,,2003
2003-11-15,11.0,15.156666666666666,,,7.39,10.65,0.26,0.35333333333333333,,,0.17166666666666666,0.245,,,,,,,,,,,,,,,,,,,,,2003
2003-12-15,13.25,15.598333333333334,,,7.573333333333333,11.425,0.31,0.36166666666666664,,,0.17500000000000002,0.2675,,,,,,,,,,,,,,,,,,,,,2003
2004-01-15,15.0,15.071666666666667,,,7.683333333333334,11.625,0.35,0.35000000000000003,,,0.18000000000000002,0.27,,,,,,,,,,,,,,,,,,,,,2004
2004-02-15,15.800000000000002,15.198333333333332,,,7.798333333333333,12.2,0.3666666666666667,0.355,,,0.18000000000000002,0.28250000000000003,,,,,,,,,,,,,,,,,,,,,2004
2004-03-15,15.866666666666667,14.942499999999999,,,8.385,12.25,0.36999999999999994,0.34625,,,0.195,0.28500000000000003,,,,,,,,,,,,,,,,,,,,,2004
2004-04-15,14.0,15.49375,,,8.40375,12.15,0.32666666666666666,0.36,,,0.195,0.2825,,,,,,,,,,,,,,,,,,,,,2004
2004-05-15,15.9,15.0725,,,8.0525,12.025,0.36999999999999994,0.35,,,0.1875,0.28,,,,,,,,,,,,,,,,,,,,,2004
2004-06-15,14.833333333333334,19.342857142857145,,,8.987142857142858,11.5,0.3466666666666667,0.45,,,0.20857142857142857,0.2675,,,,,,,,,,,,,,,,,,,,,2004
2004-07-15,17.5,19.31125,,,9.24125,11.4,0.41,0.44875,,,0.21375,0.265,,,,,,,,,,,,,,,,,,,,,2004
2004-08-15,17.5,23.06,,,9.67,11.05,0.41,0.5375,,,0.225,0.2575,,,,,,,,,,,,,,,,,,,,,2004
2004-09-15,16.55,19.24,,,8.995000000000001,11.475,0.385,0.44625,,,0.20875,0.2675,,,,,,,,,,,,,,,,,,,,,2004
2004-10-15,14.333333333333334,23.603749999999998,,,10.07875,11.875,0.3333333333333333,0.55125,,,0.23625000000000002,0.275,,,,,,,,,,,,,,,,,,,,,2004
2004-11-15,15.9,23.0675,,,10.3575,12.3,0.37,0.54,,,0.2425,0.29000000000000004,,,,,,,,,,,,,,,,,,,,,2004
2004-12-15,18.5,23.24375,,,10.42,12.85,0.43,0.5425,,,0.2425,0.3025,,,,,,,,,,,,,,,,,,,,,2004
2005-01-15,18.525,,,,11.09625,13.325,0.4325,,,,0.26,0.3125,,,,,,,,,,,,,,,,,,,,,2005
2005-02-15,18.25,,,,11.19875,14.025,0.425,,,,0.2625,0.3275,,,,,,,,,,,,,,,,,,,,,2005
2005-03-15,18.525,,,,11.23625,13.875,0.4325,,,,0.2625,0.325,,,,,,,,,,,,,,,,,,,,,2005
2005-04-15,18.833333333333332,,,,11.215,13.8,0.43999999999999995,,,,0.26375,0.32,,,,,,,,,,,,,,,,,,,,,2005
2005-05-15,18.3,,,,11.205,13.975,0.4266666666666667,,,,0.2625,0.3275,,,,,,,,,,,,,,,,,,,,,2005
2005-06-15,19.0,,,,10.89625,13.475,0.44499999999999995,,,,0.255,0.315,,,,,,,,,,,,,,,,,,,,,2005
2005-07-15,19.0,,,,10.651250000000001,13.325,0.44499999999999995,,,,0.24875,0.31,,,,,,,,,,,,,,,,,,,,,2005
2005-08-15,19.0,,,,10.8325,13.575,0.44499999999999995,,,,0.2525,0.3175,,,,,,,,,,,,,,,,,,,,,2005
2005-09-15,19.0,,,,11.11125,13.35,0.44499999999999995,,,,0.25875,0.3125,,,,,,,,,,,,,,,,,,,,,2005
2005-10-15,20.0,,,,11.1675,13.5,0.47,,,,0.26125,0.315,,,,,,,,,,,,,,,,,,,,,2005
2005-11-15,20.0,,,,11.12125,13.575,0.47,,,,0.26,0.3175,,,,,,,,,,,,,,,,,,,,,2005
2005-12-15,20.0,,,,11.23625,13.975,0.4,,,,0.22625,0.2825,,,,,,,,,,,,,,,,,,,,,2005
2006-01-15,19.025,,,,11.534285714285714,13.774999999999999,0.39,,,,0.2357142857142857,0.28,,,,,,,,,,,,,,,,,,,,,2006
2006-02-15,20.0,,,,11.52,13.6,0.41,,,,0.23285714285714285,0.275,,,,,,,,,,,,,,,,,,,,,2006
2006-03-15,19.933333333333334,,,,11.694285714285714,13.4,0.4066666666666667,,,,0.2357142857142857,0.2725,,,,,,,,,,,,,,,,,,,,,2006
2006-04-15,19.95,,,,11.62857142857143,13.5,0.405,,,,0.23571428571428574,0.2725,,,,,,,,,,,,,,,,,,,,,2006
2006-05-15,19.366666666666667,,,,11.7425,13.025,0.39666666666666667,,,,0.23875000000000002,0.265,,,,,,,,,,,,,,,,,,,,,2006
2006-06-15,20.15,,,,11.8225,13.05,0.41,,,,0.24,0.265,,,,,,,,,,,,,,,,,,,,,2006
2006-07-15,21.65,,,,11.5625,12.95,0.44499999999999995,,,,0.235,0.265,,,,,,,,,,,,,,,,,,,,,2006
2006-08-15,20.933333333333334,,,,11.955555555555556,13.275,0.4266666666666667,,,,0.24333333333333332,0.2675,,,,,,,,,,,,,,,,,,,,,2006
2006-09-15,21.55,,,,12.157777777777778,13.4,0.43999999999999995,,,,0.2466666666666667,0.2725,,,,,,,,,,,,,,,,,,,,,2006
2006-10-15,21.099999999999998,,,,12.488888888888889,13.55,0.43,,,,0.25222222222222224,0.275,,,,,,,,,,,,,,,,,,,,,2006
2006-11-15,21.5,,,,12.687777777777777,13.8,0.43999999999999995,,,,0.25666666666666665,0.28,,,,,,,,,,,,,,,,,,,,,2006
2006-12-15,20.0,,,,12.5825,13.475,0.41,,,,0.25625,0.275,,,,,,,,,,,,,,,,,,,,,2006
2007-01-15,21.95,,,,12.8825,13.525,0.44999999999999996,,,,0.2625,0.2775,20.275,0.41375,,,,,,,,,,,,,,,,,,,2007
2007-02-15,22.866666666666664,,,,12.655,13.625,0.4666666666666666,,,,0.25625,0.275,20.48375,0.41625,,,,,,,,,,,,,,,,,,,2007
2007-03-15,22.666666666666668,,,,12.692499999999999,13.75,0.4633333333333333,,,,0.25875,0.28,21.0,0.4275,,,,,,,,,,,,,,,,,,,2007
2007-04-15,22.633333333333336,,,,12.75625,14.0,0.4633333333333333,,,,0.25875,0.28500000000000003,22.3125,0.45375,,,,,,,,,,,,,,,,,,,2007
2007-05-15,23.2,,,,13.236666666666668,14.15,0.47333333333333333,,,,0.27,0.28500000000000003,27.14,0.5533333333333333,,,,,,,,,,,,,,,,,,,2007
2007-06-15,22.25,,,,13.77111111111111,14.175,0.45499999999999996,,,,0.28,0.28500000000000003,28.264444444444443,0.5744444444444444,,,,,,,,,,,,,,,,,,,2007
2007-07-15,22.25,,,,13.828888888888889,14.425,0.445,,,,0.2788888888888889,0.2925,28.305555555555557,0.5722222222222223,,,,,,,,,,,,,,,,,,,2007
2007-08-15,23.166666666666668,,,,13.954444444444444,14.5,0.4633333333333334,,,,0.28111111111111114,0.29,28.416666666666668,0.5744444444444444,,,,,,,,,,,,,,,,,,,2007
2007-09-15,24.4,,,,14.096666666666668,15.7,0.49,,,,0.28444444444444444,0.3175,29.485555555555557,0.5933333333333333,,,,,,,,,,,,,,,,,,,2007
2007-10-15,22.5,,,,14.955000000000002,16.4,0.45,,,,0.301,0.33,31.225,0.63,,,,,,,,,,,,,,,,,,,2007
2007-11-15,25.75,,,,16.143,17.375,0.515,,,,0.325,0.35,32.125,0.6439999999999999,,,,,,,,,,,,,,,,,,,2007
2007-12-15,24.05,,,,17.66,21.425,0.485,,,,0.356,0.435,33.512,0.677,,,,,,,,,,,,,,,,,,,2007
2008-01-15,34.166666666666664,,,,21.313333333333333,27.865,0.6933333333333334,,,,0.4311111111111111,0.5625,34.94444444444444,0.7077777777777778,,,,,,,,,,,,,,,,,,,2008
2008-02-15,33.47666666666667,,,,21.275555555555556,27.052500000000002,0.6766666666666666,,,,0.43,0.55,34.5,0.6977777777777778,,,,,,,,,,,,,,,,,,,2008
2008-03-15,32.95,,,,22.218888888888888,25.265,0.6699999999999999,,,,0.44999999999999996,0.5125,34.25,0.6933333333333334,,,,,,,,,,,,,,,,,,,2008
2008-04-15,41.4,,,,30.830000000000002,38.725,0.8500000000000001,,,,0.6322222222222221,0.795,38.46875,0.79,,,,,,,,,,,,,,,,,,,2008
2008-05-15,51.5,,,,34.70333333333333,42.4825,1.12,,,,0.7555555555555555,0.9225,44.54222222222222,0.9677777777777778,,,,,,,,,,,,,,,,,,,2008
2008-06-15,49.625,,,,29.467777777777776,34.3975,1.075,,,,0.64,0.7475,44.7,0.9722222222222222,,,,,,,,,,,,,,,,,,,2008
2008-07-15,50.875,,,,29.593333333333337,33.85,1.105,,,,0.6411111111111112,0.7324999999999999,44.696666666666665,0.9666666666666666,,,,,,,,,,,,,,,,,,,2008
2008-08-15,50.875,,,,31.215555555555554,35.3925,1.085,,,,0.6699999999999999,0.76,42.72555555555555,0.9144444444444445,,,,,,,,,,,,,,,,,,,2008
2008-09-15,51.5,,,,32.24666666666667,35.845,1.105,,,,0.69,0.7675,42.44444444444444,0.9088888888888889,,,,,,,,,,,,,,,,,,,2008
2008-10-15,48.333333333333336,,,,30.119999999999997,34.16,1.0266666666666666,,,,0.64,0.7275,41.861111111111114,0.8888888888888888,,,,,,,,,,,,,,,,,,,2008
2008-11-15,46.5,,,,28.333333333333332,33.4775,0.9850000000000001,,,,0.6022222222222222,0.7125,40.80555555555556,0.8644444444444445,,,,,,,,,,,,,,,,,,,2008
2008-12-15,47.333333333333336,,,,26.584444444444443,31.06,1.0066666666666666,,,,0.5655555555555556,0.6575,39.666666666666664,0.8416666666666667,,,,,,,,,,,,,,,,,,,2008
2009-01-15,42.5,,,,24.776666666666667,29.205,0.9,,,,0.5266666666666667,0.62,38.916666666666664,0.8244444444444444,,,,,,,,,,,,,,,,,,,2009
2009-02-15,36.75,,,,21.93,24.55,0.78,,,,0.46444444444444444,0.52,36.97222222222222,0.7811111111111111,,,,,,,,,,,,,,,,,,,2009
2009-03-15,33.4,,,,20.91222222222222,22.6675,0.7050000000000001,,,,0.44222222222222224,0.48,34.611111111111114,0.7322222222222222,,,,,,,,,,,,,,,,,,,2009
2009-04-15,31.775,,,,20.01,22.1575,0.6699999999999999,,,,0.4222222222222222,0.47,33.083333333333336,0.6988888888888889,,,,,,,,,,,,,,,,,,,2009
2009-05-15,31.09,,,,20.223333333333333,22.1875,0.655,,,,0.4255555555555556,0.46499999999999997,33.138888888888886,0.6966666666666667,,,,,,,,,,,,,,,,,,,2009
2009-06-15,32.94,,,,18.31888888888889,21.745,0.69,,,,0.38666666666666666,0.4575,32.0,0.6733333333333333,,,,,,,,,,,,,,,,,,,2009
2009-07-15,34.593333333333334,,,,17.554444444444446,21.6375,0.7266666666666666,,,,0.37,0.4525,33.09,0.6966666666666667,,,,,,,,,,,,,,,,,,,2009
2009-08-15,30.95,,,,16.718888888888888,21.49,0.65,,,,0.35,0.4525,34.69111111111111,0.73,,,,,,,,,,,,,,,,,,,2009
2009-09-15,30.95,,,,16.5,21.455,0.65,,,,0.3466666666666667,0.4525,35.47777777777778,0.7466666666666666,,,,,,,,,,,,,,,,,,,2009
2009-10-15,29.55,,,,16.32,21.6675,0.62,,,,0.3433333333333333,0.45499999999999996,34.51888888888889,0.7255555555555556,,,,,,,,,,,,,,,,,,,2009
2009-11-15,41.65,,,,15.984444444444446,21.1975,0.875,,,,0.33555555555555555,0.4475,35.44222222222223,0.7466666666666666,,,,,,,,,,,,,,,,,,,2009
2009-12-15,30.0,,,,15.752222222222223,19.37,0.66,,,,0.34555555555555556,0.4225,34.7,0.7622222222222221,,,,,,,,,,,,,,,,,,,2009
2010-01-15,29.740000000000002,,,,14.652222222222223,17.4625,0.655,,,,0.32333333333333336,0.385,35.57222222222222,0.7844444444444445,,,,,,,,,,,,,,,,,,,2010
2010-02-15,29.76,,,,14.423333333333334,16.7125,0.6633333333333334,,,,0.32222222222222224,0.37,34.68333333333333,0.7744444444444445,,,,,,,,,,,,,,,,,,,2010
2010-03-15,30.65,,,,14.215555555555556,16.2375,0.665,,,,0.30888888888888894,0.355,30.93333333333333,0.67,,,,,,,,,,,,,,,,,,,2010
2010-04-15,30.03333333333333,,,,13.624444444444444,16.0825,0.65,,,,0.29666666666666663,0.34750000000000003,30.950000000000003,0.6722222222222222,,,,,,,,,,,,,,,,,,,2010
2010-05-15,30.45,,,,13.147777777777778,16.6075,0.66,,,,0.28555555555555556,0.3625,31.29444444444444,0.6777777777777777,,,,,,,,,,,,,,,,,,,2010
2010-06-15,31.55,,,,13.216666666666667,18.3925,0.6950000000000001,,,,0.2911111111111111,0.405,31.104444444444443,0.6822222222222223,,,,,,,,,,,,,,,,,,,2010
2010-07-15,31.95,,,,13.971111111111112,19.34,0.7050000000000001,,,,0.3088888888888889,0.425,30.583333333333332,0.6722222222222222,,,,,,,,,,,,,,,,,,,2010
2010-08-15,32.17666666666667,,,,15.197777777777778,22.0875,0.7133333333333334,,,,0.33888888888888885,0.49,30.71111111111111,0.68,,,,,,,,,,,,,,,,,,,2010
2010-09-15,32.55,,,,15.765555555555554,23.65,0.7350000000000001,,,,0.3566666666666667,0.5325,31.505555555555556,0.7100000000000001,,,,,,,,,,,,,,,,,,,2010
2010-10-15,32.775,,,,15.83888888888889,24.0675,0.7649999999999999,,,,0.36777777777777776,0.56,31.394444444444446,0.73,,,,,,,,,,,,,,,,,,,2010
2010-11-15,32.5,,,,16.204444444444444,23.2625,0.76,,,,0.37666666666666665,0.5425,30.894444444444446,0.7166666666666667,,,,,,,,,,,,,,,,,,,2010
2010-12-15,34.38,,,,17.55125,23.7725,0.8,,,,0.40625,0.5525,31.00625,0.72125,,,,,,,,,,,,,,,,,,,2010
2011-01-15,35.59,,,,18.28375,23.6275,0.8200000000000001,,,,0.42125,0.5475,31.075,0.7175,,,,,,,,,,,,,,,,,,,2011
2011-02-15,35.115,,,,17.95375,23.665,0.8200000000000001,,,,0.415,0.55,31.55625,0.73375,,,,,,,,,,,,,,,,,,,2011
2011-03-15,34.6,,,,18.228571428571428,23.7325,0.8033333333333333,,,,0.4228571428571429,0.55,32.72428571428571,0.76,,,,,,,,,,,,,,,,,,,2011
2011-04-15,35.03333333333333,,,,18.684285714285714,23.8675,0.8133333333333334,,,,0.4342857142857143,0.555,33.44285714285714,0.777142857142857,,,,,,,,,,,,,,,,,,,2011
2011-05-15,34.59,,,,19.575714285714287,24.08,0.8,,,,0.4542857142857143,0.56,34.24714285714286,0.7942857142857143,,,,,,,,,,,,,,,,,,,2011
2011-06-15,34.5,,,,19.3425,23.177500000000002,0.8,,,,0.44875,0.54,33.3975,0.775,,,,,,,,,,,,,,,,,,,2011
2011-07-15,34.6,,,,20.65875,24.52,0.7999999999999999,,,,0.48,0.5700000000000001,33.3825,0.77625,,,,,,,,,,,,,,,,,,,2011
2011-08-15,35.25,,,,20.645,24.14,0.8200000000000001,,,,0.48125,0.56,32.64625,0.76,,,,,,,,,,,,,,,,,,,2011
2011-09-15,34.6,,,,20.4075,23.5575,0.7999999999999999,,,,0.47250000000000003,0.545,32.985,0.76125,,,,,,,,,,,,,,,,,,,2011
2011-10-15,32.0,,,,20.481666666666666,23.595,0.74,,,,0.47333333333333333,0.545,33.70333333333333,0.7783333333333333,,,,,,,,,,,,,,,,,,,2011
2011-11-15,35.0,,,,20.596666666666668,23.545,0.81,,,,0.47500000000000003,0.5425,33.196666666666665,0.7633333333333333,,,,,,,,,,,,,,,,,,,2011
2011-12-15,32.0,,,,20.21875,23.0075,0.75,,,,0.4725,0.535,32.4375,0.75625,,,,,,,,,,,,,,,,,,,2011
2012-01-15,34.6,,,,19.9,22.6625,0.7799999999999999,,,,0.45,0.51,32.92125,0.7425,,,,,,,,,,,,,,,,,,,2012
2012-02-15,35.25,,,,19.66875,22.375,0.77,,,,0.4275,0.485,33.59375,0.73,,,,,,,,,,,,,,,,,,,2012
2012-03-15,34.6,,,,19.61125,21.47,0.7166666666666667,,,,0.405,0.4475,33.685,0.6975,,,,,,,,,,,,,,,,,,,2012
2012-04-15,35.25,,,,18.87875,21.3875,0.73,,,,0.39,0.44,34.5625,0.715,,,,,,,,,,,,,,,,,,,2012
2012-05-15,35.245000000000005,,,,18.5,20.645,0.73,,,,0.38375,0.4275,34.7625,0.72,,,,,,,,,,,,,,,,,,,2012
2012-06-15,35.325,,,,18.18125,21.0325,0.73,,,,0.3775,0.4375,35.66625,0.74,,,,,,,,,,,,,,,,,,,2012
2012-07-15,35.325,,,,18.44,22.2025,0.73,,,,0.38125,0.4575,37.67125,0.77875,,,,,,,,,,,,,,,,,,,2012
2012-08-15,35.230000000000004,,,,18.67875,23.689999999999998,0.73,,,,0.38625,0.4925,39.4225,0.81375,,,,,,,,,,,,,,,,,,,2012
2012-09-15,35.42,,,,19.295,24.752499999999998,0.72,,,,0.39375,0.5075000000000001,40.64625,0.83125,,,,,,,,,,,,,,,,,,,2012
2012-10-15,32.0,,,,20.69,27.564999999999998,0.63,,,,0.405,0.5425,42.66875,0.8375,,,,,,,,,,,,,,,,,,,2012
2012-11-15,32.0,,,,21.445,28.75,0.62,,,,0.415,0.5575,44.43125,0.8612500000000001,,,,,,,,,,,,,,,,,,,2012
2012-12-15,34.839999999999996,,,,21.46125,28.5625,0.6833333333333332,,,,0.42124999999999996,0.56,46.525,0.91125,,,,,,,,,,,,,,,,,,,2012
2013-01-15,35.61,,,,21.91,28.4075,0.7,,,,0.42874999999999996,0.5575,,,,,,,,,,,,,,,,,,,,,2013
2013-02-15,35.61,,,,21.905,27.97,0.69,,,,0.4275,0.5425,48.8525,0.9512499999999999,,,,,,,,,,,,,,,,,,,2013
2013-03-15,36.0,,,,22.01875,28.61,0.685,,,,0.41874999999999996,0.545,49.4625,0.94,,,,,,,,,,,,,,,,,,,2013
2013-04-15,35.9,,,,21.84125,27.752499999999998,0.6799999999999999,,,,0.41375,0.5225,48.05625,0.91,,,,,,,,,,,,,,,,,,,2013
2013-05-15,36.27333333333333,,,,21.835,26.4375,0.6833333333333332,,,,0.41125,0.4975,47.15,0.89,,,,,,,,,,,,,,,,,,,2013
2013-06-15,34.449999999999996,,,,20.59,25.785,0.6366666666666666,,,,0.38,0.47750000000000004,,,,,,,,,,,,,,,,,,,,,2013
2013-07-15,35.2,,,,21.10625,26.935000000000002,0.635,,,,0.37875000000000003,0.485,46.49375,0.8375,,,,,,,,,,,,,,,,,,,2013
2013-08-15,35.96666666666667,,,,21.14875,26.57,0.64,,,,0.37625,0.47,46.60625,0.8275,,,,,,,,,,,,,,,,,,,2013
2013-09-15,35.2,,,,21.53125,26.68,0.635,,,,0.38875,0.4825,46.1775,0.83,,,,,,,,,,,,,,,,,,,2013
2013-10-15,32.0,,,,21.575,27.3575,0.57,,,,0.38875,0.49250000000000005,45.7125,0.81875,,,,,,,,,,,,,,,,,,,2013
2013-11-15,35.2,,,,22.42375,27.8625,0.625,,,,0.39625,0.495,45.6875,0.81,,,,,,,,,,,,,,,,,,,2013
2013-12-15,32.0,,,,22.7225,28.2,0.56,,,,0.395,0.49,45.4,0.79125,,,,,,,,,,,,,,,,,,,2013
2014-01-15,44.156666666666666,,,,23.20625,27.03,0.7966666666666667,,,,0.42125,0.4875,44.88375,0.8125,,,,,,,,,,,,,,,,,,,2014
2014-02-15,42.67,47.5625,,251.25,23.81125,26.8525,0.76,0.8475,,4.4825,0.42625,0.4775,43.707499999999996,0.77625,57.707499999999996,662.5,1.03125,11.81375,,,,,,,,,,,,,,,2014
2014-03-15,44.37166666666667,,,,24.4175,27.54,0.7883333333333334,,,,0.4325,0.49,43.675,0.77625,,,,,,,,,,,,,,,,,,,2014
2014-04-15,42.525,,,,25.185,27.6575,0.7566666666666667,,,,0.44875,0.4925,43.754999999999995,0.77875,,,,,,,,,,,,,,,,,,,2014
2014-05-15,44.14,,,,25.4925,28.0875,0.7859999999999999,,,,0.455,0.5,43.9875,0.78375,,,,,,,,,,,,,,,,,,,2014
2014-06-15,44.7,,,,24.67625,28.3325,0.772,,,,0.425,0.4875,43.91125,0.7575,,,,,,,,,,,,,,,,,,,2014
2014-07-15,44.7,61.26875,,297.5,23.615000000000002,28.735,0.788,1.0775000000000001,,5.22625,0.41500000000000004,0.505,43.2275,0.7587499999999999,56.9425,748.4375,1.00125,13.15,,,,,,,,,,,,,,,2014
2014-08-15,45.870000000000005,60.9125,,288.125,24.10375,28.982499999999998,0.8250000000000001,1.0975000000000001,,5.18625,0.435,0.5225,42.61625,0.76625,56.71375,731.25,1.02,13.16375,,,,,,,,,,,,,,,2014
2014-09-15,44.7,60.4625,,285.0,23.755,30.7525,0.788,1.06875,,5.04375,0.42125,0.545,42.3375,0.74875,57.176249999999996,725.0,1.01,12.82375,,,,,,,,,,,,,,,2014
2014-10-15,44.7,59.9625,,283.75,23.86625,29.2375,0.788,1.055,,4.995,0.4225,0.515,41.74625,0.735,57.475,725.0,1.01125,12.77,,,,,,,,,,,,,,,2014
2014-11-15,46.25,58.660000000000004,,282.5,24.465,28.0625,0.8049999999999999,1.025,,4.9350000000000005,0.42625,0.4925,41.375,0.72375,57.7825,725.0,1.00875,12.66625,,,,,,,,,,,,,,,2014
2014-12-15,47.344,54.9725,,276.875,24.735,28.05,0.8240000000000001,0.95375,,4.81125,0.43,0.485,41.57875,0.72125,58.00375,703.125,1.00875,12.21625,,,,,,,,,,,,,,,2014
2015-01-15,44.7,47.5625,,251.25,24.7975,27.439999999999998,0.778,0.82625,,4.36875,0.4325,0.475,41.06625,0.7150000000000001,57.707499999999996,662.5,1.00125,11.51625,,,,,,,,,,,,,,,2015
2015-02-15,44.7,45.03125,,251.25,24.0175,27.1575,0.788,0.79,,4.41,0.42375,0.47750000000000004,39.6725,0.69625,57.30625,662.5,1.0075,11.6325,,,,,,,,,,,,,,,2015
2015-03-15,44.7,45.0775,,255.9375,23.75625,27.1075,0.776,0.7825,,4.43875,0.4125,0.47000000000000003,39.125,0.6775,57.51875,653.125,0.99875,11.33,,,,,,,,,,,,,,,2015
2015-04-15,33.95,43.53125,,277.8125,23.3125,26.0375,0.5900000000000001,0.7575,,4.8325,0.40375,0.4525,38.535,0.67125,57.7925,660.9375,1.00625,11.5,,,,,,,,,,,,,,,2015
2015-05-15,33.95,43.2875,,280.9375,22.896250000000002,25.675,0.585,0.74375,,4.83125,0.39375,0.4425,38.765,0.6675,59.29375,657.8125,1.01875,11.307500000000001,,,,,,,,,,,,,,,2015
2015-06-15,44.7,43.4375,,282.5,22.30875,26.115,0.766,0.7474999999999999,,4.8500000000000005,0.3825,0.45,38.915,0.66875,60.16125,656.25,1.03375,11.27,,,,,,,,,,,,,,,2015
2015-07-15,44.7,43.15625,,282.5,22.33625,27.4275,0.748,0.7225,,4.727499999999999,0.37374999999999997,0.46,39.24375,0.65625,60.575,653.125,1.0150000000000001,10.93375,,,,,,,,,,,,,,,2015
2015-08-15,43.58,43.9375,,282.5,22.26125,27.7025,0.6900000000000001,0.6975,,4.48125,0.3525,0.4425,39.8875,0.6325,62.965,637.5,1.0,10.11,,,,,,,,,,,,,,,2015
2015-09-15,43.58,44.1375,,284.125,22.7125,28.165,0.68,0.69125,,4.45,0.35375,0.44,39.7,0.6224999999999999,63.875,625.0,1.00125,9.78875,,,,,,,,,,,,,,,2015
2015-10-15,46.4125,43.35375,,277.8125,23.64625,28.3525,0.7225,0.6737500000000001,,4.31125,0.36625,0.44,40.01875,0.62125,64.33624999999999,614.0625,0.99875,9.528749999999999,,,,,,,,,,,,,,,2015
2015-11-15,45.025,42.96875,,271.5625,24.32,27.7025,0.6783333333333333,0.6487499999999999,,4.10125,0.3675,0.4175,40.25625,0.60875,65.77625,610.9375,0.99375,9.22375,,,,,,,,,,,,,,,2015
2015-12-15,44.38,42.03125,,260.625,24.6475,27.9825,0.664,0.62875,,3.9,0.3675,0.4175,40.2775,0.6025,67.525,590.625,1.00875,8.84125,,,,,,,,,,,,,,,2015
2016-01-15,45.56666666666666,39.6725,,252.8125,25.11125,27.8075,0.665,0.57875,,3.6875,0.365,0.4075,40.63375,0.5925,68.52875,587.5,0.99875,8.567499999999999,,,,,,,,,,,,,,,2016
2016-02-15,41.975,35.09375,,246.5625,24.98375,27.015,0.6125,0.51125,,3.58375,0.36125,0.395,40.925,0.59375,68.77374999999999,587.5,1.0,8.54125,,,,,,,,,,,,,,,2016
2016-03-15,44.68,34.6875,,257.5,24.60625,26.3575,0.6519999999999999,0.50875,,3.7712499999999998,0.3625,0.3875,40.8775,0.6,68.45375,587.5,1.00125,8.60625,,,,,,,,,,,,,,,2016
2016-04-15,43.58,34.4375,,270.0,24.275,26.6525,0.6359999999999999,0.505,,3.9524999999999997,0.355,0.3875,40.7125,0.5962500000000001,68.3725,600.0,1.0,8.78875,,,,,,,,,,,,,,,2016
2016-05-15,43.58,33.75,,288.75,24.035,27.025,0.6359999999999999,0.49125,,4.21625,0.35125,0.3925,40.0475,0.58625,68.565,637.5,1.00125,9.30875,,,,,,,,,,,,,,,2016
2016-06-15,43.58,34.0,,301.25,24.15625,27.895,0.6279999999999999,0.49125,,4.34625,0.3475,0.40249999999999997,41.3125,0.5962500000000001,68.94375,637.5,0.99375,9.19,,,,,,,,,,,,,,,2016
2016-07-15,43.55714285714286,35.03125,,301.25,24.08375,27.825,0.6357142857142858,0.51,,4.39,0.3525,0.405,41.64375,0.6075,68.79375,637.5,1.0025,9.2975,,,,,,,,,,,,,,,2016
2016-08-15,42.483333333333334,35.6,,301.25,23.49375,26.9075,0.63,0.5275000000000001,,4.475,0.35,0.3975,41.7975,0.62125,66.99125000000001,675.0,0.995,10.026250000000001,,,,,,,,,,,,,,,2016
2016-09-15,44.5775,36.625,,301.25,23.57125,27.375,0.67,0.55,,4.52875,0.355,0.4125,42.1225,0.63375,66.8125,675.0,1.00375,10.14125,,,,,,,,,,,,,,,2016
2016-10-15,42.483333333333334,38.125,,298.125,23.30625,27.21,0.6466666666666666,0.58125,,4.54125,0.35625,0.4125,42.5875,0.6475,66.03375,668.75,1.005,10.185,,,,,,,,,,,,,,,2016
2016-11-15,44.85,42.68,,301.5625,23.515,27.3625,0.6725,0.64125,,4.52375,0.35125,0.4125,42.22,0.63125,66.60875,665.625,1.0,9.97875,,,,,,,,,,,,,,,2016
2016-12-15,44.85,43.9375,,300.0,23.7625,27.5625,0.6725,0.66125,,4.52625,0.3575,0.4175,41.83375,0.6325000000000001,66.60625,656.25,1.0075,9.9,,,,,,,,,,,,,,,2016
2017-01-15,43.58,41.9375,,300.0,23.44375,27.3325,0.654,0.62875,,4.49375,0.35,0.4125,41.8,0.625,66.72749999999999,668.75,1.0,10.02125,,,,,,,,,,,,,,,2017
2017-02-15,43.58,41.125,,300.0,23.50375,26.2325,0.654,0.61625,,4.48625,0.35125,0.3925,42.5725,0.6375,67.23875,657.8125,1.00625,9.838750000000001,,,,,,,,,,,,,,,2017
2017-03-15,43.58,42.625,,304.6875,23.6925,26.5825,0.654,0.64,,4.56625,0.3525,0.3975,43.3,0.64625,67.75874999999999,662.5,1.01625,9.9275,,,,,,,,,,,,,,,2017
2017-04-15,43.5,42.5,,306.25,23.54375,25.9125,0.6439999999999999,0.63375,,4.56,0.35,0.385,44.09125,0.65625,67.45375,675.0,1.005,10.0525,,,,,,,,,,,,,,,2017
2017-05-15,42.483333333333334,42.78125,,325.0,23.615000000000002,26.8125,0.6216666666666667,0.62875,,4.775,0.34750000000000003,0.395,44.45625,0.6537499999999999,67.83875,690.625,0.9975,10.15,,,,,,,,,,,,,,,2017
2017-06-15,43.58,42.90625,,332.8125,23.84375,28.0525,0.6439999999999999,0.63125,,4.8950000000000005,0.35250000000000004,0.4125,45.25,0.66625,68.05250000000001,696.875,1.0,10.25375,,,,,,,,,,,,,,,2017
2017-07-15,44.93666666666667,42.53125,,342.1875,23.53875,27.252499999999998,0.6566666666666666,0.62375,,5.01125,0.34500000000000003,0.4,45.1225,0.66,68.24375,718.75,1.0,10.525,,,,,,,,,,,,,,,2017
2017-08-15,43.58,42.89375,,334.375,23.36,26.7075,0.6359999999999999,0.625,,4.8725000000000005,0.3425,0.39,45.2875,0.65875,68.49,723.4375,0.99875,10.5425,,,,,,,,,,,,,,,2017
2017-09-15,44.93666666666667,44.3125,,326.5625,23.2525,26.02,0.6549999999999999,0.645,,4.7675,0.34,0.3775,45.1875,0.6599999999999999,68.43625,712.5,1.0,10.3975,,,,,,,,,,,,,,,2017
2017-10-15,45.88,45.71875,,332.8125,23.36875,25.9375,0.6699999999999999,0.67,,4.88875,0.3425,0.38,44.7625,0.65625,68.21125,703.125,1.0,10.325,,,,,,,,,,,,,,,2017
2017-11-15,44.85,46.71875,,328.125,23.485,26.1075,0.655,0.68125,,4.80125,0.34375,0.3825,44.225,0.6487499999999999,68.55,675.0,1.00125,9.8775,,,,,,,,,,,,,,,2017
2017-12-15,45.660000000000004,47.01625,,289.0625,23.7225,26.395,0.6585714285714285,0.68,,4.1775,0.3425,0.3825,44.775,0.64625,69.21375,650.0,1.0,9.39375,,,,,,,,,,,,,,,2017
2018-01-15,43.58,46.34625,,285.9375,23.91875,26.295,0.6279999999999999,0.67,,4.12875,0.34625,0.3825,45.51,0.6575,69.4725,640.625,1.0025,9.25625,,,,,,,,,,,,,,,2018
2018-02-15,43.58,45.625,,281.25,23.58375,25.9075,0.6359999999999999,0.6625,,4.08125,0.3425,0.375,45.20875,0.655,68.90125,637.5,1.0,9.252500000000001,,,,,,,,,,,,,,,2018
2018-03-15,43.58,45.1875,,290.625,23.0125,25.0575,0.63,0.65625,,4.21,0.33375,0.3625,44.9125,0.64875,69.14,645.3125,1.0,9.35375,,,,,,,,,,,,,,,2018
2018-04-15,43.58,45.0,,317.1875,23.0125,24.6,0.626,0.64375,,4.5375,0.32875,0.355,44.99375,0.64375,69.84625,685.9375,0.99875,9.81125,,,,,,,,,,,,,,,2018
2018-05-15,43.58,46.09375,,312.5,22.99625,24.6375,0.616,0.65125,,4.40875,0.32625000000000004,0.34750000000000003,45.6,0.6437499999999999,70.93875,693.75,1.0,9.790000000000001,,,,,,,,,,,,,,,2018
2018-06-15,44.1,47.25,,306.25,22.565,24.63,0.618,0.66375,,4.2975,0.31625000000000003,0.34500000000000003,46.09375,0.6475,71.8575,712.5,1.01,10.0,,,,,,,,,,,,,,,2018
2018-07-15,45.36666666666667,48.34375,,303.125,22.50125,25.2775,0.6283333333333333,0.67,,4.2,0.3125,0.3525,46.7,0.64625,72.56375,712.5,1.00625,9.87125,,,,,,,,,,,,,,,2018
2018-08-15,42.14333333333334,47.03125,,306.25,22.29625,25.4075,0.5816666666666667,0.6487499999999999,,4.225,0.31,0.34750000000000003,46.79625,0.645,72.6725,712.5,1.0025,9.8225,,,,,,,,,,,,,,,2018
2018-09-15,45.65571428571429,49.34375,,306.25,22.98875,26.745,0.602857142857143,0.65,,4.03375,0.30125,0.3525,46.92875,0.61875,75.19625,712.5,0.99125,9.3825,,,,,,,,,,,,,,,2018
2018-10-15,44.645,53.625,,306.25,23.8625,27.595,0.59,0.70875,,4.05,0.31625000000000003,0.365,47.2525,0.62375,75.80625,712.5,1.0025,9.4175,,,,,,,,,,,,,,,2018
2018-11-15,44.8525,54.96875,,300.0,24.25125,28.2675,0.5925,0.72375,,3.96,0.32125,0.3725,46.525,0.615,75.78,712.5,0.99875,9.405,,,,,,,,,,,,,,,2018
2018-12-15,43.574,55.5625,,298.4375,24.20125,27.85,0.576,0.735,,3.9475000000000002,0.32,0.37,46.59,0.61625,75.6125,709.375,1.0,9.385,,,,,,,,,,,,,,,2018
2019-01-15,43.574,53.03125,,295.3125,24.24625,28.2525,0.5820000000000001,0.7075,,3.935,0.32375,0.3775,46.00875,0.615,75.3275,700.0,1.0025,9.325,,,,,,,,,,,,,,,2019
2019-02-15,44.645,50.71875,,293.75,24.37875,27.7825,0.6,0.68375,,3.95625,0.32625,0.3725,45.8625,0.61625,74.64,700.0,1.005,9.4275,,,,,,,,,,,,,,,2019
2019-03-15,43.574,49.78125,,295.3125,25.045,27.9775,0.5820000000000001,0.6625,,3.93,0.33375,0.3725,45.68375,0.61,75.2525,704.6875,1.0025,9.3825,,,,,,,,,,,,,,,2019
2019-04-15,44.645,49.28125,,305.0,25.375,28.54,0.5733333333333334,0.63625,,3.9325,0.3275,0.37,45.95625,0.5925,77.3475,715.625,0.99875,9.22875,,,,,,,,,,,,,,,2019
2019-05-15,43.51285714285715,49.84375,,313.75,25.2925,29.6125,0.5485714285714286,0.63125,,3.97125,0.31875,0.3775,46.39375,0.5875,79.0975,718.75,1.0,9.09625,,,,,,,,,,,,,,,2019
2019-06-15,44.323750000000004,49.86,,316.25,24.5775,30.1875,0.5575,0.6275,,3.9762500000000003,0.30875,0.3825,46.79875,0.58875,80.21125,718.75,1.00875,9.04375,,,,,,,,,,,,,,,2019
2019-07-15,45.63857142857143,49.2025,,316.25,23.81,,0.5742857142857142,0.61625,,3.955,0.29875,,45.99125,0.5750000000000001,79.98625,718.75,1.0,8.98875,,,,,,,,,,,,,,,2019
2019-08-15,43.44714285714286,48.75,,316.25,23.465,,0.5571428571428572,0.62125,,4.0375,0.3,,45.33125,0.57875,78.2825,718.75,1.0,9.18375,,,,,,,,,,,,,,,2019
2019-09-15,44.56833333333333,48.84375,,316.25,24.02375,,0.5716666666666667,0.6224999999999999,,4.0375,0.3075,,45.625,0.5825,78.43625,718.75,1.00125,9.18,,,,,,,,,,,,,,,2019
2019-10-15,44.8525,48.84375,,316.25,24.02375,,0.575,0.6275,,4.0575,0.30875,,45.625,0.585,78.43625,718.75,1.005,9.215,,,,,,,,,,,,,,,2019
2019-11-15,45.482,48.46875,,316.25,24.8975,,0.584,0.62625,,4.07125,0.31875,,45.64375,0.58625,78.35249999999999,718.75,1.01,9.2575,,,,,,,,,,,,,,,2019
2019-12-15,45.482,48.4375,,316.25,25.5175,,0.5780000000000001,0.61625,,4.01875,0.325,,45.5625,0.5775,78.53625,718.75,1.0,9.14125,,,,,,,,,,,,,,,2019
2020-01-15,45.482,48.15625,,314.6875,25.75125,,0.5900000000000001,0.625,,4.1,0.335,,45.7725,0.59625,77.06,718.75,1.00375,9.35875,,,,,,,,,,,,,,,2020
2020-02-15,46.23499999999999,46.71875,,313.75,26.11,,0.6,0.60625,,4.0687500000000005,0.33875,,45.86875,0.59625,76.57,698.4375,0.9924999999999999,9.065,,,,,,,,,,,,,,,2020
2020-03-15,47.55166666666667,45.4475,,309.375,28.2,,0.625,0.5975,,4.07125,0.37125,,46.6875,0.61375,76.27250000000001,718.75,1.0025,9.456249999999999,,,,,,,,,,,,,,,2020
2020-04-15,49.25714285714286,40.25,,293.75,30.825,,0.6471428571428571,0.525,,3.85125,0.40375,,49.2625,0.64375,76.1625,712.5,1.0,9.33625,,,,,,,,,,,,,,,2020
2020-05-15,51.3671875,37.51470588235294,,296.375,29.698529411764707,,0.67,0.49117647058823527,,3.8747058823529414,0.38852941176470585,,49.963235294117645,0.6538235294117647,76.43382352941177,666.9117647058823,0.9979411764705882,8.71764705882353,103.36029411764706,96.74264705882354,87.50735294117646,12.566176470588236,48.830882352941174,37.69117647058823,34.088235294117645,1.3520588235294118,1.2638235294117646,1.1444117647058825,0.16411764705882353,0.6370588235294118,0.49294117647058816,0.44441176470588234,2020
2020-06-15,51.77516129032258,37.148823529411764,,306.7252941176471,28.788529411764703,,0.6729032258064516,0.4808823529411764,,3.9779411764705883,0.3729411764705882,,49.82176470588235,0.6461764705882352,77.08676470588235,683.0576470588235,1.0,8.857058823529412,106.49823529411765,96.74941176470588,87.5085294117647,11.913823529411765,50.19323529411764,36.99941176470588,33.29470588235294,1.3808823529411764,1.2547058823529413,1.1347058823529412,0.15361764705882353,0.6523529411764706,0.47970588235294115,0.4314705882352941,2020
2020-07-15,51.225806451612904,37.25235294117647,,308.8055882352941,28.367941176470588,,0.6667741935483872,0.48499999999999993,,4.014411764705883,0.36823529411764705,,49.057647058823534,0.6379411764705882,77.10470588235295,679.3679411764706,1.0017647058823531,8.832058823529412,102.76352941176471,95.42382352941176,86.84058823529412,11.929705882352941,50.54941176470589,35.398529411764706,32.131764705882354,1.336764705882353,1.2417647058823529,1.1294117647058823,0.1557058823529412,0.658235294117647,0.46088235294117647,0.4182352941176471,2020
2020-08-15,51.225806451612904,36.75794117647059,,305.88235294117646,28.422941176470587,,0.6658064516129032,0.47705882352941176,,3.9764705882352938,0.3685294117647059,,48.468529411764706,0.6294117647058823,77.12029411764706,673.1755882352942,1.0011764705882353,8.742941176470588,100.24,93.37117647058824,86.98911764705883,11.97764705882353,50.53411764705883,35.065294117647056,31.735,1.3026470588235295,1.2123529411764706,1.1308823529411764,0.15561764705882353,0.6561764705882352,0.45529411764705885,0.41264705882352937,2020
2020-09-15,51.476451612903226,36.67,,308.55882352941177,28.586470588235297,,0.6712903225806451,0.47852941176470587,,4.021764705882354,0.3720588235294118,,48.47205882352941,0.6314705882352941,76.9964705882353,671.7964705882354,1.0014705882352941,8.49529411764706,97.73411764705882,92.42588235294117,86.86676470588235,12.362647058823528,50.00588235294118,34.495294117647056,31.018235294117645,1.2729411764705882,1.205,1.1323529411764706,0.16176470588235295,0.6523529411764706,0.4491176470588235,0.40441176470588236,2020
2020-10-15,51.859032258064516,36.39823529411765,,307.45647058823533,29.187058823529412,,0.6761290322580645,0.475,,4.007352941176471,0.3808823529411765,,49.13323529411765,0.6405882352941177,77.04470588235294,670.8017647058823,1.0008823529411766,8.747352941176471,97.40794117647059,91.01794117647059,87.98382352941177,12.962941176470588,49.538529411764706,34.809705882352944,31.295588235294115,1.2694117647058825,1.1864705882352942,1.1464705882352941,0.16970588235294118,0.6452941176470589,0.4541176470588235,0.4076470588235294,2020
2020-11-15,51.91709677419355,36.57941176470588,,305.89176470588234,29.90294117647059,,0.6758064516129032,0.4752941176470588,,3.9770588235294118,0.38911764705882357,,49.69411764705882,0.6473529411764707,77.04411764705883,659.9735294117646,1.0005882352941178,8.588529411764705,101.22264705882354,88.94205882352942,87.82382352941177,12.884411764705883,49.273823529411764,35.15058823529412,31.799705882352942,1.3176470588235294,1.1564705882352941,1.143529411764706,0.1685294117647059,0.6408823529411765,0.4576470588235294,0.41470588235294115,2020
2020-12-15,52.09935483870967,36.57382352941176,,297.8235294117647,31.195294117647062,,0.6777419354838711,0.4744117647058823,,3.8629411764705885,0.40588235294117647,,49.18617647058824,0.638235294117647,77.0664705882353,654.824705882353,1.0011764705882353,8.499117647058824,108.36970588235295,88.69323529411766,87.51058823529412,12.929411764705883,50.186764705882354,35.381470588235295,32.27205882352941,1.4055882352941176,1.1505882352941175,1.135,0.1670588235294118,0.6520588235294118,0.45794117647058824,0.42058823529411765,2020
2021-01-15,52.09090909090909,38.0735294117647,,295.5882352941176,31.573529411764707,,0.6775757575757576,0.49382352941176466,,3.8397058823529413,0.4105882352941177,,48.786764705882355,0.6329411764705882,77.06617647058823,648.9044117647059,1.0,8.425882352941176,112.55882352941177,90.0,87.22058823529412,13.073529411764707,50.49264705882353,35.43382352941177,32.48529411764706,1.461470588235294,1.1685294117647058,1.1317647058823528,0.16911764705882354,0.6555882352941176,0.4591176470588235,0.42205882352941176,2021
2021-02-15,52.75,43.73529411764706,,294.3382352941176,31.75735294117647,,0.685,0.5664705882352942,,3.816470588235294,0.4123529411764706,,49.529411764705884,0.6429411764705882,77.16176470588235,641.3088235294117,1.0011764705882353,8.315,116.33823529411765,90.68382352941177,87.2720588235294,13.433823529411764,50.375,36.13970588235294,32.80882352941177,1.508529411764706,1.1764705882352942,1.1311764705882352,0.1738235294117647,0.6544117647058824,0.4682352941176471,0.42558823529411766,2021
2021-03-15,52.703125,46.213235294117645,,299.5,31.71212121212121,,0.684375,0.5976470588235294,,3.880294117647059,0.4118181818181818,,49.44117647058823,0.6411764705882353,77.43382352941177,640.9264705882352,1.0029411764705882,8.30205882352941,121.84558823529412,91.15441176470588,87.09558823529412,13.485294117647058,50.0514705882353,34.963235294117645,32.1985294117647,1.578235294117647,1.1808823529411765,1.1291176470588236,0.17411764705882352,0.6497058823529411,0.4523529411764706,0.4161764705882353,2021
2021-04-15,52.45161290322581,46.67235294117647,,305.59941176470585,31.25235294117647,,0.6780645161290323,0.6026470588235293,,3.9488235294117646,0.4041176470588235,,49.288823529411765,0.6367647058823529,77.54705882352941,650.105,1.0029411764705882,8.401176470588235,124.0635294117647,91.39676470588235,87.94558823529412,13.5,50.195,34.25941176470588,31.54470588235294,1.6029411764705883,1.1811764705882355,1.1364705882352941,0.17441176470588235,0.6505882352941177,0.44323529411764706,0.4073529411764706,2021
2021-05-15,52.480645161290326,47.361176470588234,,307.69029411764706,30.950588235294116,,0.6790322580645162,0.6126470588235293,,3.980294117647059,0.39999999999999997,,49.54323529411765,0.6414705882352941,77.67852941176471,651.3385294117646,1.0055882352941177,8.426176470588235,129.2555882352941,92.75735294117646,88.34764705882354,13.446176470588236,50.571176470588235,33.84294117647059,30.98117647058823,1.671470588235294,1.1997058823529412,1.1423529411764706,0.17323529411764704,0.6564705882352941,0.4385294117647059,0.4011764705882353,2021
2021-06-15,53.12064516129032,48.70735294117647,,310.29264705882355,30.01235294117647,,0.6770967741935483,0.6205882352941177,,3.9573529411764707,0.38294117647058823,,49.745294117647056,0.6341176470588235,78.65235294117646,649.3452941176471,1.0014705882352941,8.282352941176471,133.19382352941176,93.12205882352941,88.49911764705882,13.44,50.58323529411764,33.46588235294117,30.50529411764706,1.7,1.1879411764705883,1.1288235294117648,0.1723529411764706,0.6461764705882352,0.4264705882352941,0.39,2021
2021-07-15,53.64645161290323,57.006764705882354,,304.1961764705882,30.569705882352938,,0.6780645161290323,0.7194117647058824,,3.842941176470588,0.3855882352941176,,51.432352941176475,0.6497058823529411,80.54264705882352,640.2126470588236,1.0170588235294118,8.090294117647058,138.67852941176469,94.20117647058824,89.74911764705882,13.630588235294118,51.97941176470588,35.45676470588235,32.046176470588236,1.753235294117647,1.19,1.1341176470588237,0.17323529411764704,0.6552941176470588,0.44794117647058823,0.4047058823529412,2021
2021-08-15,55.8158064516129,67.96264705882353,,302.1208823529412,31.997058823529414,,0.6906451612903226,0.8411764705882353,,3.742352941176471,0.39647058823529413,,53.146470588235296,0.6573529411764706,85.41,625.5961764705883,1.0576470588235294,7.747352941176471,148.40117647058824,96.89323529411764,92.09382352941176,13.683529411764706,54.48264705882353,38.1664705882353,34.654117647058825,1.838235294117647,1.2005882352941177,1.1405882352941177,0.16908823529411765,0.6741176470588236,0.47323529411764703,0.42911764705882355,2021
2021-09-15,55.441250000000004,54.896470588235296,,293.7576470588235,32.718823529411765,,0.653125,0.6461764705882352,,3.458235294117647,0.3852941176470588,,53.368235294117646,0.6279411764705882,86.28823529411765,615.3317647058823,1.015294117647059,7.248823529411765,152.60117647058823,95.36117647058823,92.96823529411765,13.947058823529412,56.59411764705882,39.52,35.237647058823526,1.7973529411764706,1.1241176470588234,1.0958823529411763,0.16541176470588234,0.6673529411764706,0.46558823529411764,0.41470588235294115,2021
2021-10-15,56.8234375,63.74382352941176,,283.3235294117647,36.659705882352945,,0.6375000000000001,0.7144117647058823,,3.1735294117647057,0.4108823529411764,,53.55352941176471,0.6,89.99764705882353,592.2382352941177,1.0091176470588237,6.633529411764705,165.1364705882353,99.25176470588235,93.25823529411765,14.108823529411765,59.59970588235294,44.19970588235294,39.889117647058825,1.8502941176470589,1.1123529411764705,1.0455882352941175,0.15794117647058825,0.6676470588235294,0.49500000000000005,0.4464705882352941,2021
2021-11-15,57.35181818181818,70.85676470588236,,281.8529411764706,37.77852941176471,,0.610909090909091,0.7555882352941177,,3.0055882352941174,0.4026470588235294,,52.966470588235296,0.5644117647058824,92.83617647058823,589.2926470588236,0.9882352941176471,6.2823529411764705,168.79205882352943,100.12588235294118,93.75470588235294,14.259411764705883,60.93970588235294,44.345882352941175,40.52088235294118,1.799705882352941,1.066764705882353,0.9991176470588234,0.15250000000000002,0.6491176470588236,0.47323529411764703,0.43235294117647055,2021
2021-12-15,59.6778125,75.00970588235293,,279.3858823529412,41.33117647058823,,0.540625,0.6794117647058824,,2.53,0.37411764705882355,,56.04352941176471,0.5079411764705882,101.05117647058823,582.8929411764706,0.9144117647058824,5.276764705882353,180.36529411764707,108.41117647058823,100.34735294117647,14.964117647058824,66.13529411764705,47.907941176470594,43.972941176470584,1.6341176470588237,0.9820588235294118,0.908235294117647,0.13623529411764707,0.6002941176470589,0.4338235294117647,0.39794117647058824,2021
2022-01-15,59.3316129032258,73.99411764705883,,275.21235294117645,44.08764705882353,,0.5683870967741936,0.7061764705882353,,2.6270588235294117,0.42058823529411765,,55.843823529411765,0.5326470588235294,104.63970588235294,571.3617647058824,0.9988235294117648,5.455,185.1535294117647,114.09235294117647,104.105,15.673235294117646,68.29,49.92235294117647,46.09117647058823,1.7673529411764708,1.0885294117647057,0.9941176470588234,0.14847058823529413,0.6523529411764706,0.47705882352941176,0.4388235294117647,2022
2022-02-15,59.7141935483871,73.89382352941176,,272.63352941176475,41.28764705882353,,0.6532258064516129,0.808235294117647,,2.981470588235294,0.4514705882352941,,53.93205882352942,0.59,92.34411764705882,561.8341176470589,1.0094117647058825,6.142941176470588,172.49970588235294,113.61117647058825,105.79764705882353,15.779117647058824,63.79029411764706,46.0835294117647,42.58882352941176,1.8858823529411766,1.2426470588235294,1.1564705882352941,0.17176470588235293,0.6979411764705883,0.5038235294117647,0.46558823529411764,2022
2022-03-15,60.06645161290322,79.85000000000001,,281.70588235294116,40.46647058823529,,0.6841935483870968,0.9108823529411765,,3.211764705882353,0.4614705882352941,,53.17794117647059,0.6070588235294118,89.00882352941177,570.6258823529412,1.015294117647059,6.510294117647058,175.6735294117647,113.02794117647058,104.84382352941176,15.491764705882353,62.60617647058824,45.22352941176471,41.83558823529412,2.003823529411765,1.29,1.1961764705882354,0.17558823529411763,0.7141176470588235,0.5161764705882353,0.4773529411764706,2022
2022-04-15,61.438709677419354,73.77588235294118,,291.3785294117647,42.695454545454545,,0.7035483870967741,0.8464705882352942,,3.343235294117647,0.4903030303030303,,53.788529411764706,0.6164705882352941,87.76941176470588,578.7544117647059,1.006470588235294,6.64,182.27235294117648,112.76411764705882,105.79882352941176,15.364411764705881,63.08382352941176,49.059411764705885,44.6614705882353,2.0908823529411764,1.2938235294117648,1.2141176470588235,0.17500000000000002,0.7241176470588235,0.5629411764705883,0.5117647058823529,2022
2022-05-15,63.3146875,77.86088235294118,,289.89882352941174,43.51030303030303,,0.7215625,0.8873529411764707,,3.3038235294117646,0.4960606060606061,,54.61735294117647,0.6235294117647059,88.45242424242424,589.8679411764706,1.0084848484848485,6.7238235294117645,197.14470588235295,114.61088235294118,109.6770588235294,15.813235294117646,63.529411764705884,50.85029411764706,46.46058823529412,2.2473529411764703,1.3058823529411765,1.2502941176470588,0.17852941176470588,0.7238235294117646,0.58,0.5291176470588236,2022
2022-06-15,66.21125,94.45411764705882,,296.29411764705884,47.416969696969694,,0.7415625,1.0591176470588235,,3.3185294117647057,0.5315151515151515,,57.21058823529412,0.6402941176470588,89.24484848484849,608.8235294117648,1.0021212121212122,6.822058823529411,204.95294117647057,116.43529411764706,118.86470588235295,16.19058823529412,66.59176470588235,55.39764705882353,51.078823529411764,2.2973529411764706,1.3047058823529412,1.3311764705882352,0.18176470588235297,0.7461764705882353,0.6211764705882353,0.5729411764705883,2022
2022-07-15,67.66548387096775,116.40764705882353,,297.87470588235294,45.64515151515151,,0.7709677419354838,1.3244117647058824,,3.386764705882353,0.519090909090909,,57.36794117647059,0.6529411764705882,89.01424242424241,608.8235294117648,1.0127272727272727,6.9276470588235295,189.87617647058823,115.80117647058823,122.00441176470588,16.351176470588236,71.13470588235293,53.08588235294118,48.525882352941174,2.1597058823529416,1.3179411764705884,1.3888235294117646,0.1847058823529412,0.8099999999999999,0.6035294117647059,0.5520588235294117,2022
2022-08-15,71.69354838709677,106.1029411764706,,294.77941176470586,45.88636363636363,,0.8087096774193548,1.1985294117647058,,3.3294117647058825,0.5181818181818182,,57.99264705882353,0.655,89.75,609.8529411764706,1.0133333333333332,6.889411764705883,175.85294117647058,114.71323529411765,122.26470588235294,16.558823529411764,71.38970588235294,54.43382352941177,49.286764705882355,1.9855882352941179,1.2955882352941175,1.3808823529411764,0.18735294117647058,0.8058823529411765,0.6147058823529411,0.5561764705882353,2022
2022-09-15,68.9075,101.16176470588235,,291.64058823529416,45.80969696969697,,0.780625,1.146764705882353,,3.3058823529411767,0.519090909090909,,59.122058823529414,0.6705882352941177,88.36939393939394,608.5411764705883,1.0015151515151515,6.899117647058823,154.75,112.18735294117647,122.02794117647058,16.524705882352944,68.3914705882353,52.47705882352941,47.67235294117647,1.7541176470588236,1.2723529411764705,1.3823529411764706,0.18676470588235294,0.7755882352941177,0.5947058823529412,0.5408823529411765,2022
2022-10-15,69.58290322580646,96.87294117647059,,296.95088235294116,44.82212121212122,,0.8096774193548387,1.1285294117647058,,3.4579411764705883,0.5212121212121212,,57.336470588235294,0.6688235294117647,87.18454545454546,611.8141176470589,1.0148484848484849,7.125882352941177,143.22705882352943,111.36411764705883,119.82794117647059,16.97941176470588,66.20529411764706,50.51,46.76764705882353,1.6685294117647058,1.2973529411764706,1.3955882352941178,0.19676470588235295,0.7717647058823529,0.5873529411764705,0.5447058823529412,2022
2022-11-15,68.5715625,95.115,,301.56823529411764,44.71333333333333,,0.775,1.075294117647059,,3.4097058823529416,0.5048484848484849,,59.72705882352941,0.6744117647058824,88.76242424242423,617.9652941176471,1.0045454545454544,6.983529411764706,146.40176470588236,111.96764705882353,117.74676470588236,17.04294117647059,64.14735294117648,50.225,46.57794117647059,1.654705882352941,1.2664705882352942,1.3314705882352942,0.19294117647058825,0.7244117647058823,0.5694117647058823,0.5267647058823529,2022
2022-12-15,67.29354838709678,91.53058823529412,,304.4688235294118,44.083333333333336,,0.7696774193548387,1.0470588235294118,,3.4885294117647057,0.5051515151515152,,63.944705882352935,0.7323529411764705,88.06333333333332,622.1441176470589,1.0078787878787878,7.125588235294118,145.3985294117647,113.62735294117647,119.63382352941177,17.261176470588236,63.742941176470595,48.62441176470588,44.906470588235294,1.6644117647058825,1.301764705882353,1.3711764705882352,0.19705882352941176,0.7297058823529411,0.5573529411764706,0.5147058823529411,2022
2023-01-15,68.35090909090908,90.61941176470589,,298.1129411764706,43.094242424242424,,0.7609090909090909,1.0073529411764706,,3.3158823529411765,0.4781818181818182,,64.71264705882353,0.72,89.20272727272727,611.1558823529411,0.9921212121212122,6.795,142.46941176470588,114.34058823529412,122.96088235294118,16.948235294117648,63.42176470588236,47.54382352941177,44.10617647058823,1.5844117647058822,1.2711764705882354,1.3682352941176472,0.18794117647058825,0.7055882352941177,0.5288235294117647,0.49147058823529416,2023
2023-02-15,69.1516129032258,86.08205882352941,,290.56264705882353,42.74121212121212,,0.7738709677419354,0.9638235294117647,,3.2541176470588233,0.47848484848484846,,66.34617647058823,0.7426470588235294,89.81515151515151,609.0797058823529,1.0063636363636363,6.8211764705882345,142.22411764705882,115.37588235294118,125.3064705882353,17.359411764705882,62.29500000000001,46.24764705882353,42.936764705882354,1.5923529411764705,1.2911764705882351,1.4029411764705884,0.19411764705882353,0.6979411764705883,0.5179411764705882,0.48176470588235293,2023
2023-03-15,69.0078787878788,76.62058823529412,,294.8670588235294,40.130303030303025,,0.7875757575757575,0.8732352941176471,,3.3611764705882354,0.4575757575757576,,64.82588235294118,0.7379411764705882,88.31272727272727,620.9676470588236,1.0075757575757576,7.078823529411765,140.25382352941176,116.1370588235294,123.70264705882354,17.760882352941177,62.74941176470588,43.1514705882353,40.546470588235294,1.5988235294117648,1.323235294117647,1.4097058823529411,0.20176470588235296,0.7152941176470589,0.4917647058823529,0.4626470588235294,2023
2023-04-15,69.37870967741935,71.79411764705883,,302.24470588235295,36.74545454545454,,0.8041935483870968,0.8335294117647059,,3.5058823529411764,0.4260606060606061,,63.269999999999996,0.7341176470588235,86.57454545454546,625.5882352941177,1.0030303030303032,7.256764705882353,133.1735294117647,114.62029411764706,121.47352941176472,17.653823529411767,65.69441176470589,39.92823529411765,37.54794117647059,1.5441176470588236,1.33,1.4091176470588234,0.20411764705882354,0.7614705882352941,0.46352941176470586,0.435,2023
2023-05-15,69.5915625,70.27735294117646,,311.2252941176471,34.129999999999995,,0.7975,0.8058823529411765,,3.5708823529411764,0.3918181818181818,,64.99352941176471,0.7464705882352941,87.60909090909091,638.6029411764706,1.0042424242424242,7.325882352941176,125.84588235294119,114.6770588235294,119.83294117647058,17.96323529411765,72.91764705882352,38.417058823529416,35.58382352941176,1.4441176470588235,1.316764705882353,1.3752941176470588,0.20500000000000002,0.8364705882352942,0.4411764705882353,0.4085294117647059,2023
2023-06-15,66.92032258064516,65.81235294117647,,315.7352941176471,30.466363636363635,,0.7796774193548387,0.7673529411764706,,3.6811764705882353,0.35515151515151516,,64.99676470588236,0.7573529411764706,86.63272727272728,642.255,1.0096969696969698,7.486470588235294,119.18176470588236,114.25558823529411,118.21794117647059,17.701764705882354,74.98823529411764,36.004705882352944,32.3385294117647,1.3897058823529411,1.331764705882353,1.3785294117647058,0.205,0.8732352941176471,0.42,0.3764705882352941,2023
2023-07-15,66.3883870967742,64.72588235294117,,314.82,29.242727272727272,,0.7729032258064517,0.7529411764705882,,3.662058823529412,0.34060606060606063,,66.20441176470588,0.7697058823529412,86.27424242424243,647.5805882352942,1.002727272727273,7.529999999999999,116.00264705882353,114.26323529411764,117.83941176470589,17.196470588235293,74.5829411764706,34.92970588235294,31.16941176470588,1.3491176470588235,1.328529411764706,1.3702941176470589,0.19911764705882354,0.8664705882352941,0.4052941176470588,0.361764705882353,2023
2023-08-15,66.7421875,65.65176470588234,,313.4067647058823,29.413636363636364,,0.7921875,0.7794117647058824,,3.722352941176471,0.35030303030303034,,68.40970588235294,0.8117647058823529,84.31181818181818,647.9779411764706,1.0024242424242424,7.696470588235294,114.13470588235293,114.14676470588235,117.29529411764706,16.826176470588237,74.57441176470587,34.762352941176474,31.206764705882353,1.356470588235294,1.3561764705882353,1.393529411764706,0.20029411764705882,0.8858823529411765,0.41294117647058826,0.37029411764705883,2023
2023-09-15,65.78387096774193,69.12941176470588,,316.47058823529414,29.504545454545454,,0.8338709677419355,0.8764705882352941,,4.011764705882353,0.3742424242424242,,68.16382352941177,0.8641176470588235,79.63212121212122,650.3923529411765,1.0103030303030305,8.245882352941177,107.97470588235294,114.58470588235295,113.29823529411765,16.550882352941176,74.985,33.84441176470588,30.613235294117644,1.3688235294117648,1.4529411764705882,1.4373529411764705,0.20911764705882355,0.95,0.42911764705882355,0.38794117647058823,2023
2023-10-15,65.69935483870968,72.625,,310.0402941176471,29.746969696969696,,0.8687096774193548,0.9597058823529413,,4.102058823529411,0.3936363636363636,,67.61558823529411,0.8944117647058824,75.57151515151516,651.4197058823529,1.0,8.613235294117647,101.46323529411765,114.21382352941177,110.79705882352941,16.99,74.22529411764705,35.277058823529416,31.460294117647063,1.3414705882352942,1.5102941176470588,1.4652941176470589,0.2235294117647059,0.9811764705882353,0.4661764705882353,0.4158823529411765,2023
2023-11-15,65.375,67.01176470588236,,306.47058823529414,29.075151515151514,,0.94875,0.9720588235294116,,4.445294117647059,0.4221212121212121,,65.06941176470589,0.9432352941176471,70.75999999999999,645.4470588235295,1.0266666666666668,9.359117647058824,96.70470588235294,106.7964705882353,103.94823529411764,17.198823529411765,71.77529411764706,33.398823529411764,30.15294117647059,1.4026470588235294,1.5491176470588235,1.508529411764706,0.25,1.0426470588235295,0.48411764705882354,0.43764705882352944,2023
2023-12-15,63.93757575757576,64.05470588235295,,307.93176470588236,28.118484848484847,,0.916060606060606,0.9179411764705883,,4.413823529411765,0.4024242424242424,,64.39264705882353,0.9244117647058824,69.87969696969697,642.9129411764707,1.0015151515151515,9.217647058823529,94.08970588235294,104.35470588235295,101.17264705882353,16.87323529411765,70.0829411764706,32.23352941176471,29.10676470588235,1.349705882352941,1.4949999999999999,1.4497058823529412,0.2438235294117647,1.0050000000000001,0.4617647058823529,0.4167647058823529,2023
2024-01-15,64.4375,60.845588235294116,,306.61764705882354,27.65909090909091,,0.90625,0.8573529411764705,,4.3217647058823525,0.38969696969696965,,64.77941176470588,0.913235294117647,71.8030303030303,636.3970588235294,1.010909090909091,8.965588235294117,93.3970588235294,106.00735294117646,100.93382352941177,16.823529411764707,68.38970588235294,31.316176470588236,27.897058823529413,1.3161764705882353,1.4929411764705882,1.4220588235294118,0.23588235294117646,0.9650000000000001,0.4414705882352941,0.39294117647058824,2024
2024-02-15,63.58787878787879,61.0564705882353,,304.1529411764706,27.895757575757575,,0.8642424242424243,0.8282352941176471,,4.126470588235295,0.3784848484848485,,65.68470588235294,0.8911764705882353,73.8460606060606,636.2729411764706,1.0003030303030302,8.635000000000002,93.74352941176471,107.05411764705883,102.76235294117647,16.805882352941175,70.78117647058824,32.06705882352941,28.511764705882353,1.271764705882353,1.4529411764705882,1.395,0.2273529411764706,0.9611764705882353,0.43470588235294116,0.3876470588235294,2024
2024-03-15,63.608125,60.894705882352945,,306.59294117647056,27.399696969696972,,0.8921875,0.8532352941176471,,4.302058823529412,0.38363636363636366,,63.95647058823529,0.8979411764705882,71.64060606060606,638.7288235294118,1.0048484848484847,8.95970588235294,93.52235294117648,106.47852941176471,100.80117647058823,16.797941176470587,68.90470588235293,31.441470588235294,27.859411764705882,1.3111764705882352,1.4926470588235294,1.413235294117647,0.23529411764705882,0.9667647058823529,0.44029411764705884,0.3905882352941176,2024
2024-04-15,63.038125,60.87264705882353,,313.05617647058824,26.91090909090909,,0.8831249999999999,0.8535294117647059,,4.386176470588235,0.37666666666666665,,62.67764705882353,0.8773529411764706,71.90484848484849,647.9270588235295,1.0069696969696968,9.080882352941176,94.15235294117646,107.11764705882354,99.29676470588235,16.831176470588236,68.77588235294118,31.14588235294118,27.303823529411765,1.32,1.5011764705882353,1.3908823529411765,0.23588235294117646,0.9632352941176471,0.4370588235294117,0.3820588235294118,2024
2024-05-15,63.56193548387097,60.894705882352945,,314.3558823529412,25.486060606060605,,0.8858064516129033,0.8476470588235294,,4.377941176470588,0.3545454545454545,,60.21558823529411,0.8379411764705883,71.94363636363636,644.935294117647,1.0006060606060607,8.979117647058825,91.46029411764707,106.97294117647058,96.52941176470588,17.103235294117646,66.57147058823529,30.19588235294118,26.23970588235294,1.2738235294117648,1.4897058823529412,1.343235294117647,0.23882352941176474,0.9270588235294117,0.42058823529411765,0.36617647058823527,2024
2024-06-15,62.60375,59.55235294117647,,316.99117647058824,23.88969696969697,,0.8846875,0.8414705882352941,,4.477941176470588,0.3369696969696969,,59.008823529411764,0.833235294117647,70.88121212121212,654.1664705882353,1.000909090909091,9.238529411764706,91.07911764705882,107.6370588235294,94.66264705882354,17.31764705882353,64.18823529411765,29.968823529411765,25.501176470588234,1.2855882352941177,1.5205882352941178,1.336764705882353,0.24352941176470586,0.9070588235294118,0.4232352941176471,0.3588235294117647,2024
2024-07-15,61.625,59.955882352941174,,330.3014705882353,23.78787878787879,,0.870625,0.8464705882352942,,4.66,0.33575757575757575,,58.64705882352941,0.8282352941176471,70.97727272727273,670.9558823529412,1.001818181818182,9.469705882352942,93.23529411764706,107.02941176470588,94.55882352941177,17.46323529411765,64.48529411764706,30.294117647058822,25.96323529411765,1.315,1.5094117647058825,1.3338235294117649,0.245,0.91,0.42794117647058827,0.36617647058823527,2024
2024-08-15,61.741875,63.07558823529412,,324.50735294117646,23.688787878787878,,0.869375,0.8885294117647059,,4.573529411764706,0.33424242424242423,,59.16882352941177,0.8344117647058824,70.95272727272727,673.475,0.9996969696969698,9.495882352941177,92.74588235294118,105.83764705882353,93.40382352941177,18.093823529411765,62.41617647058824,30.693235294117645,26.38558823529412,1.3082352941176472,1.4911764705882353,1.3176470588235294,0.25352941176470584,0.8805882352941177,0.4338235294117647,0.3720588235294118,2024
2024-09-15,61.37096774193548,63.83352941176471,,321.2711764705882,24.34272727272727,,0.8848387096774194,0.9197058823529412,,4.626176470588235,0.34939393939393937,,58.78205882352941,0.8473529411764705,70.0281818181818,675.0,1.0066666666666666,9.72,93.63029411764705,104.57088235294117,92.505,18.428235294117645,59.234117647058824,31.291176470588237,26.780882352941177,1.349705882352941,1.5061764705882352,1.3323529411764705,0.26588235294117646,0.8523529411764706,0.45,0.3855882352941176,2024
2024-10-15,60.965161290322584,61.827058823529406,,323.3529411764706,23.9430303030303,,0.9167741935483871,0.9285294117647059,,4.860294117647059,0.36030303030303035,,57.30235294117647,0.8608823529411764,66.88121212121212,670.7647058823529,1.002727272727273,10.079999999999998,99.81529411764707,101.9270588235294,92.06823529411766,18.701176470588237,57.34823529411764,30.450588235294116,26.394117647058824,1.4997058823529412,1.5314705882352941,1.383529411764706,0.28205882352941175,0.8614705882352941,0.45705882352941174,0.39676470588235296,2024
2024-11-15,60.604193548387094,60.452058823529406,,328.2352941176471,23.76969696969697,,0.8896774193548387,0.8891176470588236,,4.823823529411764,0.34909090909090906,,57.58441176470588,0.8467647058823529,67.97909090909091,669.8038235294118,0.999090909090909,9.845882352941176,110.74882352941177,99.71352941176471,92.12058823529412,18.91970588235294,55.138823529411766,30.249117647058824,26.334411764705884,1.6279411764705882,1.465,1.3541176470588234,0.2779411764705882,0.8091176470588235,0.4447058823529412,0.38676470588235295,2024
2024-12-15,60.09375,59.58411764705882,,322.71794117647056,23.804375,,0.86,0.8511764705882353,,4.616470588235295,0.34125,,58.32058823529412,0.8347058823529412,69.39727272727274,663.4379411764705,0.9927272727272727,9.48735294117647,114.68323529411765,100.23323529411765,92.53294117647059,19.21294117647059,56.21088235294118,30.177647058823528,26.47147058823529,1.6394117647058823,1.433235294117647,1.3235294117647058,0.2747058823529412,0.805,0.43176470588235294,0.3785294117647059,2024
