year,origin_location_code,asylum_location_code,population
2001,AFG,AUS,6714
2001,AFG,IDN,1473
2001,AFG,IND,36044
2001,AFG,JPN,258
2001,AFG,KHM,51
2001,AFG,LKA,39
2001,AFG,MYS,276
2001,AFG,NZL,434
2001,AFG,PAK,5215889
2001,AFG,THA,62
2001,AUS,AUS,5
2001,BGD,AUS,594
2001,BGD,JPN,10
2001,BTN,AUS,5
2001,BTN,NPL,322340
2001,CHN,AUS,1344
2001,CHN,IND,92344
2001,CHN,JPN,39
2001,CHN,KHM,30
2001,CHN,KOR,15
2001,CHN,NPL,69
2001,CHN,NZL,14
2001,CHN,THA,218
2001,FJI,AUS,425
2001,IDN,AUS,2544
2001,IDN,MYS,331
2001,IDN,PNG,9882
2001,IND,AUS,1002
2001,IND,JPN,7
2001,IND,NZL,5
2001,IND,PAK,5
2001,JPN,AUS,5
2001,KHM,AUS,174
2001,KHM,JPN,620
2001,KHM,NZL,9
2001,KHM,THA,282
2001,KHM,VNM,18026
2001,KOR,AUS,176
2001,LAO,AUS,21
2001,LAO,JPN,600
2001,LAO,NZL,62
2001,LAO,THA,107
2001,LKA,AUS,2207
2001,LKA,IDN,75
2001,LKA,IND,64061
2001,LKA,KHM,33
2001,LKA,NPL,24
2001,LKA,NZL,122
2001,LKA,PAK,7
2001,LKA,PHL,80
2001,LKA,THA,182
2001,MMR,AUS,918
2001,MMR,BGD,66338
2001,MMR,IND,2679
2001,MMR,JPN,290
2001,MMR,KOR,51
2001,MMR,MYS,5357
2001,MMR,NZL,345
2001,MMR,PAK,66
2001,MMR,THA,331114
2001,MNG,AUS,76
2001,MNG,NZL,5
2001,MYS,AUS,114
2001,MYS,NZL,5
2001,NPL,AUS,226
2001,PAK,AUS,799
2001,PAK,JPN,59
2001,PAK,KHM,15
2001,PAK,KOR,18
2001,PHL,AUS,102
2001,PHL,MYS,45100
2001,PRK,AUS,5
2001,PRK,THA,20
2001,SGP,AUS,6
2001,SLB,AUS,22
2001,THA,AUS,94
2001,TLS,AUS,20
2001,TLS,IDN,146084
2001,TON,AUS,40
2001,VNM,AUS,1103
2001,VNM,CHN,777150
2001,VNM,JPN,4568
2001,VNM,KHM,3117
2001,VNM,NZL,96
2001,VNM,PHL,2021
2001,VNM,THA,36
2001,WSM,AUS,6
2002,AFG,AUS,7071
2002,AFG,CHN,24
2002,AFG,IDN,585
2002,AFG,IND,34243
2002,AFG,JPN,222
2002,AFG,KHM,45
2002,AFG,LKA,39
2002,AFG,MYS,121
2002,AFG,NZL,562
2002,AFG,PAK,3679707
2002,AFG,THA,47
2002,BGD,AUS,461
2002,BGD,IDN,15
2002,BGD,JPN,20
2002,BGD,KOR,36
2002,BGD,MYS,52
2002,BTN,AUS,5
2002,BTN,NPL,326789
2002,CHN,AUS,1380
2002,CHN,IND,184697
2002,CHN,JPN,110
2002,CHN,KHM,36
2002,CHN,KOR,33
2002,CHN,MYS,23
2002,CHN,NPL,63
2002,CHN,NZL,31
2002,CHN,PAK,46
2002,CHN,THA,264
2002,FJI,AUS,227
2002,IDN,AUS,1205
2002,IDN,MYS,1602
2002,IDN,NZL,5
2002,IDN,PNG,10782
2002,IND,AUS,625
2002,IND,JPN,18
2002,IND,MYS,5
2002,IND,NZL,6
2002,KHM,AUS,65
2002,KHM,JPN,358
2002,KHM,NZL,16
2002,KHM,THA,261
2002,KHM,VNM,18026
2002,KOR,AUS,194
2002,LAO,AUS,17
2002,LAO,JPN,320
2002,LAO,NZL,5
2002,LAO,THA,107
2002,LKA,AUS,1546
2002,LKA,IDN,54
2002,LKA,IND,127534
2002,LKA,JPN,10
2002,LKA,KHM,21
2002,LKA,MYS,5
2002,LKA,NPL,21
2002,LKA,NZL,178
2002,LKA,PAK,8
2002,LKA,PHL,37
2002,LKA,THA,105
2002,LKA,TLS,15
2002,MMR,AUS,815
2002,MMR,BGD,65922
2002,MMR,IND,3401
2002,MMR,JPN,356
2002,MMR,KOR,51
2002,MMR,MYS,10938
2002,MMR,NZL,353
2002,MMR,PAK,23
2002,MMR,THA,337328
2002,MNG,AUS,80
2002,MNG,NZL,5
2002,MYS,AUS,85
2002,MYS,NZL,5
2002,NPL,AUS,94
2002,NPL,NZL,5
2002,PAK,AUS,640
2002,PAK,IDN,21
2002,PAK,JPN,65
2002,PAK,KHM,18
2002,PAK,MYS,15
2002,PAK,NZL,5
2002,PHL,AUS,51
2002,PHL,IDN,15
2002,PHL,MYS,45121
2002,PNG,AUS,5
2002,PRK,AUS,5
2002,PRK,THA,15
2002,SGP,AUS,6
2002,SLB,AUS,21
2002,THA,AUS,184
2002,THA,NZL,5
2002,TLS,AUS,513
2002,TLS,IDN,28097
2002,TON,AUS,54
2002,VNM,AUS,438
2002,VNM,CHN,891657
2002,VNM,IDN,99
2002,VNM,JPN,3812
2002,VNM,KHM,669
2002,VNM,NZL,77
2002,VNM,PHL,1936
2002,VNM,THA,27
2002,WSM,AUS,5
2003,AFG,AUS,7619
2003,AFG,CHN,24
2003,AFG,IDN,252
2003,AFG,IND,30937
2003,AFG,JPN,142
2003,AFG,KHM,39
2003,AFG,LKA,51
2003,AFG,MYS,60
2003,AFG,NZL,629
2003,AFG,PAK,3383700
2003,AFG,THA,36
2003,BGD,AUS,139
2003,BGD,JPN,5
2003,BGD,KOR,51
2003,BGD,MYS,133
2003,BGD,NZL,23
2003,BTN,AUS,5
2003,BTN,NPL,312242
2003,CHN,AFG,10
2003,CHN,AUS,834
2003,CHN,IND,92363
2003,CHN,JPN,116
2003,CHN,KHM,27
2003,CHN,KOR,60
2003,CHN,MYS,23
2003,CHN,NPL,5
2003,CHN,NZL,66
2003,CHN,PAK,14
2003,CHN,THA,204
2003,FJI,AUS,70
2003,FJI,NZL,8
2003,IDN,AUS,812
2003,IDN,IDN,16176
2003,IDN,JPN,5
2003,IDN,MYS,11393
2003,IDN,NZL,5
2003,IDN,PNG,18373
2003,IDN,THA,10
2003,IDN,TLS,21
2003,IND,AUS,406
2003,IND,JPN,12
2003,IND,MYS,8
2003,IND,NZL,81
2003,IND,THA,21
2003,KHM,AUS,37
2003,KHM,JPN,170
2003,KHM,NZL,22
2003,KHM,THA,216
2003,KHM,VNM,30720
2003,KOR,AUS,35
2003,LAO,AUS,5
2003,LAO,JPN,130
2003,LAO,NZL,5
2003,LAO,THA,139
2003,LKA,AUS,1066
2003,LKA,IDN,15
2003,LKA,IND,60922
2003,LKA,JPN,10
2003,LKA,KHM,18
2003,LKA,MYS,146
2003,LKA,NPL,21
2003,LKA,NZL,251
2003,LKA,PHL,20
2003,LKA,THA,113
2003,LKA,TLS,15
2003,MMR,AUS,709
2003,MMR,BGD,59253
2003,MMR,IND,3187
2003,MMR,JPN,550
2003,MMR,KOR,120
2003,MMR,MYS,24302
2003,MMR,NZL,382
2003,MMR,PAK,75
2003,MMR,THA,358254
2003,MNG,AUS,5
2003,MNG,NZL,5
2003,MYS,AUS,65
2003,MYS,NZL,20
2003,NPL,AUS,76
2003,NPL,MYS,6
2003,NPL,NZL,12
2003,NPL,THA,13
2003,PAK,AUS,440
2003,PAK,CHN,54
2003,PAK,JPN,26
2003,PAK,KOR,30
2003,PAK,MYS,11
2003,PAK,NZL,22
2003,PAK,THA,22
2003,PHL,AUS,26
2003,PHL,JPN,6
2003,PHL,MYS,57218
2003,PNG,AUS,6
2003,PRK,AUS,5
2003,PRK,THA,18
2003,SGP,AUS,6
2003,SLB,AUS,27
2003,SLB,NZL,5
2003,THA,AUS,53
2003,THA,NZL,35
2003,TLS,AUS,132
2003,TLS,IDN,385
2003,TLS,TLS,452
2003,TON,AUS,31
2003,VNM,AUS,310
2003,VNM,CHN,897861
2003,VNM,IDN,21
2003,VNM,JPN,3382
2003,VNM,KHM,201
2003,VNM,NZL,81
2003,VNM,PHL,1714
2003,VNM,PNG,5
2003,VNM,THA,55
2004,AFG,AUS,8326
2004,AFG,CHN,21
2004,AFG,IDN,221
2004,AFG,IND,29353
2004,AFG,JPN,151
2004,AFG,KHM,21
2004,AFG,LKA,45
2004,AFG,MYS,105
2004,AFG,NZL,1148
2004,AFG,PAK,3217654
2004,AFG,THA,15
2004,BGD,AUS,142
2004,BGD,JPN,27
2004,BGD,KOR,51
2004,BGD,MYS,522
2004,BGD,NZL,45
2004,BTN,AUS,5
2004,BTN,NPL,335170
2004,CHN,AUS,1354
2004,CHN,IND,94363
2004,CHN,JPN,100
2004,CHN,KHM,33
2004,CHN,KOR,243
2004,CHN,MYS,51
2004,CHN,NPL,15
2004,CHN,NZL,75
2004,CHN,PAK,10
2004,CHN,THA,276
2004,FJI,AUS,23
2004,FJI,NZL,5
2004,IDN,AUS,1270
2004,IDN,IDN,16176
2004,IDN,MYS,46829
2004,IDN,NZL,5
2004,IDN,PNG,18166
2004,IDN,THA,20
2004,IDN,TLS,8
2004,IND,AUS,99
2004,IND,JPN,6
2004,IND,MYS,39
2004,IND,NZL,115
2004,IND,THA,45
2004,KHM,AUS,20
2004,KHM,JPN,176
2004,KHM,MYS,237
2004,KHM,NZL,18
2004,KHM,THA,402
2004,KHM,VNM,4720
2004,LAO,AUS,49
2004,LAO,JPN,46
2004,LAO,NZL,5
2004,LAO,THA,467
2004,LKA,AUS,733
2004,LKA,IND,57274
2004,LKA,JPN,6
2004,LKA,MYS,1140
2004,LKA,NZL,254
2004,LKA,PHL,42
2004,LKA,THA,165
2004,MDV,LKA,15
2004,MMR,AUS,658
2004,MMR,BGD,61233
2004,MMR,IDN,8
2004,MMR,IND,3653
2004,MMR,JPN,611
2004,MMR,KOR,255
2004,MMR,MYS,56293
2004,MMR,NPL,6
2004,MMR,NZL,403
2004,MMR,PAK,26
2004,MMR,THA,363417
2004,MNG,AUS,5
2004,MNG,NZL,5
2004,MYS,AUS,25
2004,MYS,NZL,12
2004,NPL,AUS,52
2004,NPL,KOR,15
2004,NPL,MYS,72
2004,NPL,NZL,17
2004,NPL,THA,113
2004,PAK,AUS,457
2004,PAK,CHN,198
2004,PAK,IDN,15
2004,PAK,JPN,32
2004,PAK,KOR,24
2004,PAK,LKA,228
2004,PAK,MYS,138
2004,PAK,NPL,573
2004,PAK,NZL,29
2004,PAK,THA,32
2004,PHL,AUS,27
2004,PHL,MYS,61329
2004,PRK,AUS,5
2004,PRK,THA,45
2004,SGP,AUS,5
2004,SLB,AUS,22
2004,THA,AUS,75
2004,THA,MYS,21
2004,THA,NZL,10
2004,TLS,AUS,221
2004,TON,AUS,5
2004,VNM,AUS,239
2004,VNM,CHN,598574
2004,VNM,IDN,27
2004,VNM,JPN,2838
2004,VNM,KHM,2001
2004,VNM,MYS,27
2004,VNM,NZL,21
2004,VNM,PHL,5520
2004,VNM,PNG,5
2004,VNM,THA,222
2005,AFG,AUS,8112
2005,AFG,CHN,21
2005,AFG,IDN,234
2005,AFG,IND,29160
2005,AFG,JPN,141
2005,AFG,LKA,15
2005,AFG,MYS,252
2005,AFG,NZL,1266
2005,AFG,PAK,2171181
2005,AFG,THA,15
2005,BGD,AUS,144
2005,BGD,IND,42
2005,BGD,JPN,37
2005,BGD,KOR,63
2005,BGD,MYS,501
2005,BGD,NZL,24
2005,BTN,AUS,5
2005,BTN,NPL,329778
2005,CHN,AUS,1000
2005,CHN,IND,77210
2005,CHN,JPN,99
2005,CHN,KHM,21
2005,CHN,KOR,516
2005,CHN,MYS,60
2005,CHN,NZL,66
2005,CHN,PAK,6
2005,CHN,THA,309
2005,FJI,AUS,34
2005,FJI,NZL,13
2005,IDN,AUS,1438
2005,IDN,MYS,59915
2005,IDN,NZL,5
2005,IDN,PHL,15
2005,IDN,PNG,14973
2005,IDN,THA,24
2005,IDN,TLS,24
2005,IND,AUS,174
2005,IND,MYS,66
2005,IND,NZL,33
2005,IND,PAK,5
2005,IND,THA,15
2005,KHM,AUS,23
2005,KHM,JPN,206
2005,KHM,MYS,1071
2005,KHM,NZL,19
2005,KHM,THA,855
2005,KHM,VNM,4714
2005,KOR,AUS,39
2005,LAO,AUS,56
2005,LAO,NZL,5
2005,LAO,THA,753
2005,LKA,AUS,756
2005,LKA,IDN,42
2005,LKA,IND,50730
2005,LKA,JPN,18
2005,LKA,KOR,15
2005,LKA,MYS,1404
2005,LKA,NZL,224
2005,LKA,PHL,27
2005,LKA,THA,240
2005,MMR,AUS,984
2005,MMR,BGD,63315
2005,MMR,IDN,33
2005,MMR,IND,4719
2005,MMR,JPN,917
2005,MMR,KOR,366
2005,MMR,MYS,67425
2005,MMR,NPL,27
2005,MMR,NZL,198
2005,MMR,PAK,75
2005,MMR,THA,444216
2005,MNG,AUS,19
2005,MNG,NZL,5
2005,MYS,AUS,68
2005,MYS,NZL,13
2005,NPL,AUS,87
2005,NPL,KOR,33
2005,NPL,MYS,942
2005,NPL,NZL,29
2005,NPL,THA,321
2005,PAK,AFG,14
2005,PAK,AUS,390
2005,PAK,CHN,444
2005,PAK,JPN,33
2005,PAK,LKA,606
2005,PAK,MYS,201
2005,PAK,NPL,678
2005,PAK,NZL,22
2005,PHL,AUS,25
2005,PHL,JPN,5
2005,PHL,MYS,61344
2005,PNG,AUS,25
2005,PRK,AUS,6
2005,SGP,AUS,5
2005,SLB,AUS,22
2005,THA,AUS,228
2005,THA,MYS,627
2005,THA,NZL,5
2005,TLS,AUS,251
2005,VNM,AUS,262
2005,VNM,CHN,902691
2005,VNM,JPN,2570
2005,VNM,KHM,618
2005,VNM,KOR,15
2005,VNM,MYS,192
2005,VNM,NZL,15
2005,VNM,PHL,1568
2005,VNM,PNG,5
2005,VNM,THA,234
2006,AFG,AUS,7923
2006,AFG,CHN,21
2006,AFG,IDN,225
2006,AFG,IND,28827
2006,AFG,JPN,115
2006,AFG,LKA,15
2006,AFG,MYS,255
2006,AFG,NZL,961
2006,AFG,PAK,2094241
2006,BGD,AUS,165
2006,BGD,IND,45
2006,BGD,JPN,20
2006,BGD,KOR,75
2006,BGD,MYS,324
2006,BGD,NZL,15
2006,BTN,NPL,334752
2006,CHN,AUS,1197
2006,CHN,IND,77210
2006,CHN,JPN,110
2006,CHN,KHM,15
2006,CHN,KOR,366
2006,CHN,MNG,15
2006,CHN,MYS,102
2006,CHN,NZL,84
2006,CHN,PAK,5
2006,CHN,THA,423
2006,FJI,AUS,37
2006,FJI,NZL,8
2006,IDN,AUS,1408
2006,IDN,MYS,47109
2006,IDN,NZL,8
2006,IDN,PNG,12854
2006,IND,AUS,153
2006,IND,LKA,21
2006,IND,MYS,66
2006,IND,NZL,19
2006,KHM,AUS,25
2006,KHM,JPN,206
2006,KHM,MYS,957
2006,KHM,NZL,12
2006,KHM,THA,528
2006,KHM,VNM,4714
2006,KOR,AUS,23
2006,LAO,AUS,63
2006,LAO,NZL,5
2006,LAO,THA,1416
2006,LKA,AUS,795
2006,LKA,CHN,27
2006,LKA,IDN,420
2006,LKA,IND,139218
2006,LKA,JPN,25
2006,LKA,KOR,84
2006,LKA,MYS,1359
2006,LKA,NZL,141
2006,LKA,PAK,5
2006,LKA,PHL,27
2006,LKA,SGP,15
2006,LKA,THA,399
2006,MMR,AUS,2572
2006,MMR,BGD,79005
2006,MMR,IDN,135
2006,MMR,IND,6240
2006,MMR,JPN,1760
2006,MMR,KHM,15
2006,MMR,KOR,387
2006,MMR,MYS,84894
2006,MMR,NPL,51
2006,MMR,NZL,490
2006,MMR,PAK,51
2006,MMR,PHL,18
2006,MMR,THA,450312
2006,MNG,AUS,28
2006,MYS,AUS,47
2006,NPL,AUS,102
2006,NPL,IDN,15
2006,NPL,JPN,10
2006,NPL,KOR,258
2006,NPL,MYS,912
2006,NPL,NZL,23
2006,NPL,THA,336
2006,NZL,AUS,5
2006,PAK,AUS,350
2006,PAK,CHN,411
2006,PAK,IDN,15
2006,PAK,JPN,30
2006,PAK,KOR,15
2006,PAK,LKA,771
2006,PAK,MYS,186
2006,PAK,NPL,567
2006,PAK,NZL,27
2006,PAK,SGP,15
2006,PAK,THA,15
2006,PHL,AUS,29
2006,PHL,JPN,5
2006,PHL,MYS,61329
2006,PNG,AUS,21
2006,PRK,AUS,8
2006,SLB,AUS,27
2006,THA,AUS,250
2006,THA,MYS,816
2006,THA,NZL,5
2006,TLS,AUS,259
2006,TON,AUS,5
2006,VNM,AUS,223
2006,VNM,CHN,300897
2006,VNM,IDN,105
2006,VNM,JPN,2264
2006,VNM,KHM,756
2006,VNM,KOR,15
2006,VNM,MYS,225
2006,VNM,NZL,12
2006,VNM,PHL,868
2006,VNM,THA,363
2007,AFG,AUS,5002
2007,AFG,CHN,21
2007,AFG,IDN,183
2007,AFG,IND,29103
2007,AFG,JPN,122
2007,AFG,LKA,15
2007,AFG,MYS,570
2007,AFG,NZL,167
2007,AFG,PAK,3810266
2007,AFG,THA,15
2007,BGD,AUS,280
2007,BGD,IND,48
2007,BGD,JPN,18
2007,BGD,KOR,141
2007,BGD,MYS,114
2007,BGD,NZL,7
2007,BGD,PAK,5
2007,BTN,AUS,5
2007,BTN,NPL,328137
2007,CHN,AUS,1694
2007,CHN,IDN,15
2007,CHN,IND,77210
2007,CHN,JPN,107
2007,CHN,KHM,15
2007,CHN,KOR,309
2007,CHN,MNG,30
2007,CHN,MYS,132
2007,CHN,NZL,102
2007,CHN,PAK,5
2007,CHN,SGP,15
2007,CHN,THA,621
2007,FJI,AUS,79
2007,FJI,NZL,5
2007,IDN,AUS,254
2007,IDN,MYS,6490
2007,IDN,PNG,15000
2007,IND,AUS,206
2007,IND,LKA,18
2007,IND,MYS,47
2007,IND,NZL,16
2007,KHM,AUS,26
2007,KHM,JPN,206
2007,KHM,MYS,625
2007,KHM,NZL,10
2007,KHM,THA,264
2007,KHM,VNM,4714
2007,KOR,AUS,45
2007,LAO,AUS,5
2007,LAO,NZL,5
2007,LAO,THA,1491
2007,LKA,AUS,1847
2007,LKA,IDN,297
2007,LKA,IND,145868
2007,LKA,JPN,34
2007,LKA,KHM,15
2007,LKA,KOR,264
2007,LKA,MYS,3990
2007,LKA,NZL,205
2007,LKA,PAK,5
2007,LKA,PHL,27
2007,LKA,SGP,15
2007,LKA,THA,1266
2007,MMR,AUS,456
2007,MMR,BGD,82722
2007,MMR,IDN,69
2007,MMR,IND,8637
2007,MMR,JPN,1417
2007,MMR,KHM,18
2007,MMR,KOR,444
2007,MMR,MYS,99804
2007,MMR,NPL,36
2007,MMR,NZL,38
2007,MMR,PAK,26
2007,MMR,PHL,15
2007,MMR,PNG,15
2007,MMR,SGP,39
2007,MMR,THA,411969
2007,MNG,AUS,35
2007,MNG,NZL,5
2007,MYS,AUS,78
2007,MYS,NZL,6
2007,NPL,AUS,124
2007,NPL,JPN,5
2007,NPL,KOR,1041
2007,NPL,MYS,606
2007,NPL,NZL,17
2007,NPL,THA,225
2007,NZL,AUS,5
2007,PAK,AUS,505
2007,PAK,BGD,15
2007,PAK,CHN,354
2007,PAK,JPN,41
2007,PAK,KOR,15
2007,PAK,LKA,1008
2007,PAK,MYS,204
2007,PAK,NPL,477
2007,PAK,NZL,22
2007,PAK,SGP,15
2007,PAK,THA,51
2007,PHL,AUS,33
2007,PHL,MYS,61329
2007,PNG,AUS,45
2007,PRK,AUS,15
2007,PRK,KHM,15
2007,SGP,AUS,6
2007,SLB,AUS,32
2007,THA,AUS,39
2007,THA,MYS,909
2007,TLS,AUS,6
2007,VNM,AUS,71
2007,VNM,CHN,300897
2007,VNM,JPN,1950
2007,VNM,KHM,1158
2007,VNM,MYS,180
2007,VNM,NZL,10
2007,VNM,PHL,348
2007,VNM,THA,192
2008,AFG,AUS,4961
2008,AFG,IDN,495
2008,AFG,IND,30306
2008,AFG,JPN,123
2008,AFG,LKA,30
2008,AFG,MYS,1581
2008,AFG,NZL,172
2008,AFG,PAK,3317625
2008,BGD,AUS,269
2008,BGD,IND,33
2008,BGD,JPN,35
2008,BGD,KOR,219
2008,BGD,MYS,51
2008,BGD,NZL,12
2008,BGD,PAK,5
2008,BGD,THA,15
2008,BTN,AUS,5
2008,BTN,MYS,15
2008,BTN,NPL,309168
2008,CHN,AUS,2098
2008,CHN,IDN,15
2008,CHN,IND,100013
2008,CHN,JPN,117
2008,CHN,KOR,336
2008,CHN,MNG,33
2008,CHN,MYS,198
2008,CHN,NZL,114
2008,CHN,PAK,5
2008,CHN,PHL,15
2008,CHN,THA,591
2008,FJI,AUS,95
2008,IDN,AUS,269
2008,IDN,MYS,604
2008,IDN,PAK,5
2008,IDN,PNG,15000
2008,IND,AUS,323
2008,IND,JPN,18
2008,IND,MYS,21
2008,IND,NZL,19
2008,IND,PAK,5
2008,IND,THA,18
2008,KHM,AUS,20
2008,KHM,JPN,158
2008,KHM,MYS,176
2008,KHM,NZL,10
2008,KHM,THA,252
2008,KHM,VNM,4714
2008,KOR,AUS,58
2008,LAO,AUS,5
2008,LAO,NZL,5
2008,LAO,THA,1536
2008,LKA,AUS,2027
2008,LKA,IDN,345
2008,LKA,IND,146572
2008,LKA,JPN,82
2008,LKA,KHM,15
2008,LKA,KOR,426
2008,LKA,MYS,6567
2008,LKA,NZL,218
2008,LKA,PAK,8
2008,LKA,PHL,48
2008,LKA,THA,1524
2008,LKA,TLS,36
2008,LKA,VUT,15
2008,MMR,AUS,497
2008,MMR,BGD,85011
2008,MMR,IDN,93
2008,MMR,IND,11121
2008,MMR,JPN,2593
2008,MMR,KHM,30
2008,MMR,KOR,534
2008,MMR,LKA,165
2008,MMR,MYS,121401
2008,MMR,NPL,69
2008,MMR,NZL,43
2008,MMR,PAK,84
2008,MMR,PHL,33
2008,MMR,PNG,15
2008,MMR,SGP,21
2008,MMR,THA,370692
2008,MNG,AUS,35
2008,MNG,NZL,5
2008,MYS,AUS,88
2008,MYS,NZL,6
2008,NPL,AUS,131
2008,NPL,JPN,13
2008,NPL,KOR,885
2008,NPL,MYS,183
2008,NPL,NZL,22
2008,NPL,THA,114
2008,NZL,AUS,5
2008,PAK,AFG,15
2008,PAK,AUS,524
2008,PAK,CHN,102
2008,PAK,IDN,21
2008,PAK,JPN,56
2008,PAK,KOR,144
2008,PAK,LKA,1680
2008,PAK,MYS,198
2008,PAK,NPL,456
2008,PAK,NZL,22
2008,PAK,THA,81
2008,PHL,AUS,20
2008,PHL,MYS,61329
2008,PNG,AUS,54
2008,PRK,AUS,33
2008,SGP,AUS,6
2008,SLB,AUS,32
2008,THA,AUS,20
2008,THA,IDN,15
2008,THA,MYS,896
2008,TLS,AUS,7
2008,TON,AUS,10
2008,VNM,AUS,65
2008,VNM,CHN,300897
2008,VNM,IDN,27
2008,VNM,JPN,1740
2008,VNM,KHM,582
2008,VNM,MYS,108
2008,VNM,NZL,10
2008,VNM,PHL,204
2008,VNM,THA,237
2009,AFG,AUS,5718
2009,AFG,CHN,21
2009,AFG,FJI,15
2009,AFG,IDN,4893
2009,AFG,IND,29589
2009,AFG,JPN,114
2009,AFG,KOR,27
2009,AFG,LKA,5
2009,AFG,MYS,1632
2009,AFG,NZL,174
2009,AFG,PAK,3263734
2009,BGD,AUS,276
2009,BGD,IND,33
2009,BGD,JPN,74
2009,BGD,KOR,240
2009,BGD,MYS,33
2009,BGD,NZL,7
2009,BTN,AUS,5
2009,BTN,MYS,15
2009,BTN,NPL,260565
2009,BTN,NZL,406
2009,CHN,AUS,2401
2009,CHN,IDN,15
2009,CHN,IND,100013
2009,CHN,JPN,138
2009,CHN,KHM,15
2009,CHN,KOR,105
2009,CHN,MNG,33
2009,CHN,MYS,291
2009,CHN,NZL,126
2009,CHN,PAK,5
2009,CHN,PHL,15
2009,CHN,THA,486
2009,FJI,AUS,242
2009,FJI,NZL,28
2009,IDN,AUS,284
2009,IDN,MYS,789
2009,IDN,NZL,406
2009,IDN,PAK,5
2009,IDN,PNG,12109
2009,IND,AUS,228
2009,IND,JPN,51
2009,IND,MYS,15
2009,IND,NZL,34
2009,KHM,AUS,16
2009,KHM,JPN,164
2009,KHM,MYS,155
2009,KHM,NZL,10
2009,KHM,THA,300
2009,KHM,VNM,4714
2009,KOR,AUS,37
2009,LAO,AUS,5
2009,LAO,NZL,5
2009,LAO,THA,1038
2009,LKA,AUS,2300
2009,LKA,BGD,15
2009,LKA,IDN,660
2009,LKA,IND,145766
2009,LKA,JPN,242
2009,LKA,KHM,15
2009,LKA,KOR,27
2009,LKA,MYS,8907
2009,LKA,NPL,21
2009,LKA,NZL,246
2009,LKA,PHL,24
2009,LKA,PNG,30
2009,LKA,THA,2646
2009,LKA,TLS,15
2009,LKA,VUT,15
2009,MMR,AUS,513
2009,MMR,BGD,285671
2009,MMR,IDN,486
2009,MMR,IND,20193
2009,MMR,JPN,3439
2009,MMR,KHM,72
2009,MMR,KOR,408
2009,MMR,LKA,56
2009,MMR,MYS,209002
2009,MMR,NPL,93
2009,MMR,NZL,44
2009,MMR,PAK,57
2009,MMR,PHL,33
2009,MMR,PLW,33
2009,MMR,PNG,15
2009,MMR,SGP,15
2009,MMR,THA,339204
2009,MNG,AUS,52
2009,MNG,NZL,5
2009,MYS,AUS,112
2009,MYS,NZL,6
2009,NPL,AUS,160
2009,NPL,JPN,24
2009,NPL,KOR,15
2009,NPL,MYS,75
2009,NPL,NZL,18
2009,NPL,THA,84
2009,PAK,AFG,15
2009,PAK,AUS,712
2009,PAK,CHN,183
2009,PAK,IDN,15
2009,PAK,JPN,109
2009,PAK,KOR,213
2009,PAK,LKA,500
2009,PAK,MYS,258
2009,PAK,NPL,480
2009,PAK,NZL,36
2009,PAK,THA,951
2009,PHL,AUS,29
2009,PHL,MYS,61332
2009,PNG,AUS,79
2009,PRK,AUS,23
2009,SGP,AUS,5
2009,SLB,AUS,32
2009,THA,AUS,18
2009,THA,MYS,823
2009,TLS,AUS,7
2009,TON,AUS,10
2009,VNM,AUS,66
2009,VNM,CHN,300897
2009,VNM,JPN,1404
2009,VNM,KHM,351
2009,VNM,MYS,72
2009,VNM,NZL,10
2009,VNM,PHL,151
2009,VNM,PNG,15
2009,VNM,THA,552
2010,AFG,AFG,2514750
2010,AFG,AUS,5586
2010,AFG,CHN,21
2010,AFG,FJI,15
2010,AFG,IDN,4398
2010,AFG,IND,27951
2010,AFG,JPN,108
2010,AFG,KOR,69
2010,AFG,MYS,1518
2010,AFG,NZL,184
2010,AFG,PAK,5705364
2010,BGD,AUS,322
2010,BGD,JPN,70
2010,BGD,KOR,255
2010,BGD,MYS,44
2010,BGD,NZL,7
2010,BGD,THA,21
2010,BTN,MYS,15
2010,BTN,NPL,219560
2010,CHN,AUS,2735
2010,CHN,IDN,36
2010,CHN,IND,100013
2010,CHN,JPN,155
2010,CHN,KOR,96
2010,CHN,MNG,36
2010,CHN,MYS,324
2010,CHN,NZL,141
2010,CHN,PAK,5
2010,CHN,PHL,18
2010,CHN,THA,438
2010,FJI,AUS,341
2010,FJI,NZL,28
2010,IDN,AUS,322
2010,IDN,JPN,5
2010,IDN,MYS,846
2010,IDN,PNG,12109
2010,IND,AUS,367
2010,IND,JPN,79
2010,IND,KOR,15
2010,IND,MYS,15
2010,IND,NPL,1193
2010,IND,NZL,12
2010,IND,THA,15
2010,JPN,AUS,5
2010,KHM,AUS,21
2010,KHM,JPN,146
2010,KHM,MYS,118
2010,KHM,NZL,10
2010,KHM,THA,243
2010,KHM,VNM,3856
2010,KOR,AUS,64
2010,LAO,AUS,5
2010,LAO,NZL,5
2010,LAO,PHL,429
2010,LAO,THA,471
2010,LKA,AUS,2626
2010,LKA,BGD,15
2010,LKA,IDN,1404
2010,LKA,IND,139996
2010,LKA,JPN,282
2010,LKA,KHM,15
2010,LKA,KOR,15
2010,LKA,MYS,11976
2010,LKA,NZL,248
2010,LKA,PHL,24
2010,LKA,PNG,15
2010,LKA,THA,2142
2010,LKA,VUT,15
2010,MMR,AUS,478
2010,MMR,BGD,236678
2010,MMR,IDN,183
2010,MMR,IND,23931
2010,MMR,JPN,3859
2010,MMR,KHM,156
2010,MMR,KOR,495
2010,MMR,LKA,165
2010,MMR,MYS,253967
2010,MMR,NPL,105
2010,MMR,NZL,45
2010,MMR,PAK,27
2010,MMR,PHL,15
2010,MMR,SGP,15
2010,MMR,THA,314040
2010,MNG,AUS,48
2010,MNG,NZL,5
2010,MYS,AUS,129
2010,MYS,JPN,5
2010,MYS,NZL,6
2010,NPL,AUS,254
2010,NPL,JPN,102
2010,NPL,KOR,15
2010,NPL,MYS,47
2010,NPL,NZL,18
2010,NPL,THA,66
2010,PAK,AFG,6439
2010,PAK,AUS,1067
2010,PAK,CHN,411
2010,PAK,IDN,78
2010,PAK,IND,195
2010,PAK,JPN,171
2010,PAK,KHM,21
2010,PAK,KOR,426
2010,PAK,LKA,894
2010,PAK,MYS,288
2010,PAK,NPL,516
2010,PAK,NZL,39
2010,PAK,THA,1365
2010,PHL,AUS,27
2010,PHL,JPN,6
2010,PHL,MYS,80018
2010,PNG,AUS,130
2010,PRK,AUS,58
2010,SGP,AUS,5
2010,SLB,AUS,32
2010,THA,AUS,30
2010,THA,MYS,314
2010,TLS,AUS,8
2010,TON,AUS,15
2010,VNM,AUS,105
2010,VNM,CHN,601794
2010,VNM,JPN,1173
2010,VNM,KHM,303
2010,VNM,MYS,30
2010,VNM,NZL,12
2010,VNM,PHL,151
2010,VNM,PNG,15
2010,VNM,THA,510
2011,AFG,AFG,2853501
2011,AFG,AUS,4950
2011,AFG,CHN,21
2011,AFG,FJI,15
2011,AFG,IDN,6375
2011,AFG,IND,29340
2011,AFG,JPN,85
2011,AFG,KOR,222
2011,AFG,LKA,18
2011,AFG,MYS,1308
2011,AFG,NZL,59
2011,AFG,PAK,5110464
2011,BGD,AUS,395
2011,BGD,JPN,97
2011,BGD,KOR,252
2011,BGD,MYS,44
2011,BGD,NZL,12
2011,BGD,THA,27
2011,BTN,MYS,15
2011,BTN,NPL,167825
2011,CHN,AUS,3291
2011,CHN,IDN,81
2011,CHN,IND,100013
2011,CHN,JPN,157
2011,CHN,KOR,99
2011,CHN,MNG,15
2011,CHN,MYS,255
2011,CHN,NZL,145
2011,CHN,PAK,5
2011,CHN,THA,552
2011,FJI,AUS,409
2011,FJI,NZL,27
2011,IDN,AUS,307
2011,IDN,MYS,901
2011,IDN,PNG,11794
2011,IND,AUS,605
2011,IND,IDN,15
2011,IND,JPN,33
2011,IND,KOR,54
2011,IND,MYS,15
2011,IND,NPL,1148
2011,IND,NZL,9
2011,JPN,AUS,10
2011,KHM,AUS,42
2011,KHM,JPN,66
2011,KHM,MYS,120
2011,KHM,NZL,5
2011,KHM,THA,318
2011,KHM,VNM,1980
2011,KIR,NZL,5
2011,KOR,AUS,69
2011,KOR,NZL,5
2011,LAO,AUS,5
2011,LAO,NZL,5
2011,LAO,PHL,54
2011,LAO,THA,78
2011,LKA,AUS,2842
2011,LKA,IDN,1605
2011,LKA,IND,136304
2011,LKA,JPN,379
2011,LKA,KHM,36
2011,LKA,KOR,306
2011,LKA,MYS,13322
2011,LKA,NPL,39
2011,LKA,NZL,155
2011,LKA,PHL,24
2011,LKA,PNG,15
2011,LKA,THA,1290
2011,MDV,AUS,5
2011,MMR,AUS,551
2011,MMR,BGD,237294
2011,MMR,IDN,591
2011,MMR,IND,28269
2011,MMR,JPN,4106
2011,MMR,KHM,141
2011,MMR,KOR,606
2011,MMR,LKA,162
2011,MMR,MYS,265418
2011,MMR,NPL,102
2011,MMR,NZL,39
2011,MMR,PAK,27
2011,MMR,PHL,15
2011,MMR,THA,301629
2011,MNG,AUS,57
2011,MNG,JPN,5
2011,MNG,KOR,15
2011,MYS,AUS,123
2011,NPL,AUS,409
2011,NPL,JPN,300
2011,NPL,KOR,63
2011,NPL,MYS,39
2011,NPL,NZL,17
2011,NPL,THA,81
2011,NZL,AUS,6
2011,PAK,AFG,3111
2011,PAK,AUS,1606
2011,PAK,CHN,225
2011,PAK,IDN,426
2011,PAK,IND,69
2011,PAK,JPN,271
2011,PAK,KHM,24
2011,PAK,KOR,1353
2011,PAK,LKA,975
2011,PAK,MYS,627
2011,PAK,NPL,465
2011,PAK,NZL,56
2011,PAK,PHL,15
2011,PAK,THA,1212
2011,PHL,AUS,60
2011,PHL,IDN,18
2011,PHL,JPN,5
2011,PHL,MYS,80021
2011,PNG,AUS,172
2011,PRK,AUS,35
2011,SGP,AUS,5
2011,SLB,AUS,29
2011,THA,AUS,21
2011,THA,IDN,15
2011,THA,JPN,5
2011,THA,MYS,324
2011,TLS,AUS,8
2011,TON,AUS,28
2011,VNM,AUS,113
2011,VNM,CHN,601794
2011,VNM,JPN,986
2011,VNM,KHM,93
2011,VNM,MYS,30
2011,VNM,NZL,7
2011,VNM,PHL,151
2011,VNM,PNG,15
2011,VNM,THA,1017
2012,AFG,AFG,2638128
2012,AFG,AUS,8266
2012,AFG,CHN,21
2012,AFG,FJI,21
2012,AFG,IDN,11655
2012,AFG,IND,30612
2012,AFG,JPN,68
2012,AFG,KOR,96
2012,AFG,LKA,15
2012,AFG,MNG,15
2012,AFG,MYS,1392
2012,AFG,NRU,198
2012,AFG,NZL,45
2012,AFG,PAK,4922880
2012,AFG,PHL,15
2012,AFG,PNG,13
2012,AFG,THA,24
2012,AUS,AUS,5
2012,BGD,AUS,495
2012,BGD,IDN,120
2012,BGD,JPN,238
2012,BGD,KOR,314
2012,BGD,MYS,38
2012,BGD,NZL,19
2012,BTN,MYS,15
2012,BTN,NPL,122913
2012,CHN,AUS,3675
2012,CHN,IDN,132
2012,CHN,IND,100013
2012,CHN,JPN,175
2012,CHN,KOR,75
2012,CHN,MNG,33
2012,CHN,MYS,261
2012,CHN,NZL,147
2012,CHN,PAK,5
2012,CHN,THA,516
2012,FJI,AUS,512
2012,FJI,NZL,20
2012,FJI,SLB,15
2012,IDN,AUS,323
2012,IDN,JPN,10
2012,IDN,MYS,921
2012,IDN,PNG,18942
2012,IND,AUS,965
2012,IND,JPN,119
2012,IND,KOR,15
2012,IND,MYS,18
2012,IND,NPL,1178
2012,IND,NZL,13
2012,IND,THA,15
2012,JPN,AUS,5
2012,KHM,AUS,44
2012,KHM,JPN,112
2012,KHM,MYS,112
2012,KHM,NZL,5
2012,KHM,THA,345
2012,KIR,NZL,10
2012,KOR,AUS,97
2012,KOR,JPN,5
2012,LAO,AUS,5
2012,LKA,AUS,5175
2012,LKA,IDN,1869
2012,LKA,IND,134330
2012,LKA,JPN,534
2012,LKA,KHM,30
2012,LKA,KOR,711
2012,LKA,MYS,11789
2012,LKA,NPL,33
2012,LKA,NRU,648
2012,LKA,NZL,119
2012,LKA,PHL,24
2012,LKA,PNG,95
2012,LKA,THA,795
2012,MDV,AUS,5
2012,MDV,LKA,93
2012,MMR,AUS,594
2012,MMR,BGD,238826
2012,MMR,IDN,1806
2012,MMR,IND,31488
2012,MMR,JPN,4104
2012,MMR,KHM,108
2012,MMR,KOR,582
2012,MMR,MYS,277243
2012,MMR,NPL,141
2012,MMR,NZL,36
2012,MMR,PAK,69
2012,MMR,PHL,15
2012,MMR,THA,290331
2012,MNG,AUS,62
2012,MYS,AUS,172
2012,MYS,NZL,5
2012,NPL,AUS,381
2012,NPL,IDN,18
2012,NPL,JPN,496
2012,NPL,KOR,159
2012,NPL,MYS,42
2012,NPL,NZL,22
2012,NPL,THA,69
2012,NZL,AUS,11
2012,PAK,AFG,16328
2012,PAK,AUS,3055
2012,PAK,CHN,156
2012,PAK,IDN,1299
2012,PAK,JPN,429
2012,PAK,KHM,24
2012,PAK,KOR,1203
2012,PAK,LKA,963
2012,PAK,MYS,1233
2012,PAK,NPL,558
2012,PAK,NRU,129
2012,PAK,NZL,69
2012,PAK,PHL,21
2012,PAK,PNG,16
2012,PAK,THA,2079
2012,PHL,AUS,77
2012,PHL,IDN,15
2012,PHL,JPN,5
2012,PHL,MYS,80000
2012,PNG,AUS,255
2012,PRK,AUS,37
2012,SGP,AUS,10
2012,SLB,AUS,16
2012,THA,AUS,37
2012,THA,IDN,15
2012,THA,JPN,5
2012,THA,MYS,312
2012,TLS,AUS,8
2012,TON,AUS,50
2012,TUV,NZL,5
2012,VNM,AUS,138
2012,VNM,CHN,601794
2012,VNM,IDN,18
2012,VNM,JPN,716
2012,VNM,KHM,99
2012,VNM,MYS,27
2012,VNM,NZL,5
2012,VNM,PHL,151
2012,VNM,THA,1041
2012,WSM,AUS,6
2013,AFG,AFG,826458
2013,AFG,AUS,9307
2013,AFG,CHN,21
2013,AFG,FJI,21
2013,AFG,IDN,11802
2013,AFG,IND,34131
2013,AFG,JPN,68
2013,AFG,KOR,84
2013,AFG,LKA,69
2013,AFG,MYS,975
2013,AFG,NPL,42
2013,AFG,NRU,72
2013,AFG,NZL,32
2013,AFG,PAK,4863597
2013,AFG,PHL,15
2013,AFG,PNG,51
2013,AFG,THA,54
2013,BGD,AUS,773
2013,BGD,IDN,258
2013,BGD,JPN,378
2013,BGD,KOR,409
2013,BGD,MYS,53
2013,BGD,NZL,6
2013,BTN,NPL,92931
2013,CHN,AUS,4221
2013,CHN,IDN,144
2013,CHN,IND,100013
2013,CHN,JPN,175
2013,CHN,KOR,210
2013,CHN,MNG,24
2013,CHN,MYS,198
2013,CHN,NZL,142
2013,CHN,THA,516
2013,FJI,AUS,727
2013,FJI,NZL,20
2013,FJI,SLB,15
2013,IDN,AUS,383
2013,IDN,JPN,5
2013,IDN,MYS,1048
2013,IDN,PNG,18942
2013,IND,AUS,1104
2013,IND,IDN,15
2013,IND,JPN,234
2013,IND,MYS,15
2013,IND,NPL,1071
2013,IND,NZL,6
2013,JPN,AUS,12
2013,KHM,AUS,47
2013,KHM,JPN,48
2013,KHM,MYS,115
2013,KHM,PHL,39
2013,KHM,THA,360
2013,KOR,AUS,131
2013,KOR,JPN,5
2013,LKA,AUS,5203
2013,LKA,IDN,2478
2013,LKA,IND,131348
2013,LKA,JPN,694
2013,LKA,KHM,15
2013,LKA,KOR,65
2013,LKA,MYS,11148
2013,LKA,NPL,54
2013,LKA,NRU,219
2013,LKA,NZL,111
2013,LKA,PHL,24
2013,LKA,PNG,126
2013,LKA,THA,684
2013,MDV,AUS,10
2013,MDV,IND,15
2013,MDV,LKA,57
2013,MMR,AUS,587
2013,MMR,BGD,239529
2013,MMR,IDN,4473
2013,MMR,IND,40515
2013,MMR,JPN,4346
2013,MMR,KHM,72
2013,MMR,KOR,549
2013,MMR,LKA,288
2013,MMR,MYS,391659
2013,MMR,NPL,282
2013,MMR,NZL,34
2013,MMR,PAK,69
2013,MMR,PHL,15
2013,MMR,THA,230374
2013,MNG,AUS,73
2013,MNG,KOR,15
2013,MYS,AUS,255
2013,NPL,AUS,497
2013,NPL,IDN,36
2013,NPL,JPN,856
2013,NPL,KOR,314
2013,NPL,MYS,15
2013,NPL,NZL,21
2013,NPL,THA,60
2013,NZL,AUS,11
2013,PAK,AFG,17028
2013,PAK,AUS,3983
2013,PAK,CHN,168
2013,PAK,IDN,2115
2013,PAK,JPN,613
2013,PAK,KHM,18
2013,PAK,KOR,1269
2013,PAK,LKA,4758
2013,PAK,MYS,1965
2013,PAK,NPL,1167
2013,PAK,NRU,59
2013,PAK,NZL,44
2013,PAK,PHL,60
2013,PAK,PNG,18
2013,PAK,THA,5073
2013,PHL,AUS,82
2013,PHL,IDN,15
2013,PHL,JPN,5
2013,PHL,KOR,15
2013,PHL,MYS,80007
2013,PNG,AUS,365
2013,PRK,AUS,30
2013,SGP,AUS,8
2013,SLB,AUS,20
2013,THA,AUS,34
2013,THA,JPN,5
2013,THA,MYS,254
2013,TLS,AUS,13
2013,TON,AUS,77
2013,VNM,AUS,192
2013,VNM,CHN,601792
2013,VNM,JPN,424
2013,VNM,KHM,105
2013,VNM,MYS,30
2013,VNM,NRU,19
2013,VNM,NZL,10
2013,VNM,PHL,151
2013,VNM,PNG,79
2013,VNM,THA,1308
2014,AFG,AFG,603852
2014,AFG,AUS,9022
2014,AFG,CHN,21
2014,AFG,FJI,21
2014,AFG,IDN,17565
2014,AFG,IND,35100
2014,AFG,JPN,82
2014,AFG,KOR,147
2014,AFG,LKA,366
2014,AFG,MYS,1188
2014,AFG,NPL,201
2014,AFG,NRU,81
2014,AFG,NZL,36
2014,AFG,PAK,4531116
2014,AFG,PHL,15
2014,AFG,PNG,96
2014,AFG,THA,159
2014,BGD,AUS,1160
2014,BGD,IDN,156
2014,BGD,JPN,557
2014,BGD,KOR,423
2014,BGD,MYS,69
2014,BGD,NRU,35
2014,BGD,NZL,6
2014,BGD,PHL,15
2014,BGD,PNG,55
2014,BGD,THA,15
2014,BTN,AUS,8
2014,BTN,NPL,69177
2014,CHN,AUS,5368
2014,CHN,IDN,126
2014,CHN,IND,109028
2014,CHN,JPN,189
2014,CHN,KOR,912
2014,CHN,MNG,15
2014,CHN,MYS,204
2014,CHN,NZL,143
2014,CHN,THA,639
2014,FJI,AUS,1016
2014,FJI,MYS,15
2014,FJI,NZL,32
2014,FJI,SLB,15
2014,IDN,AUS,515
2014,IDN,JPN,5
2014,IDN,KOR,15
2014,IDN,MYS,1831
2014,IDN,NRU,5
2014,IDN,PNG,9368
2014,IND,AUS,1665
2014,IND,IDN,30
2014,IND,JPN,359
2014,IND,KOR,120
2014,IND,MYS,15
2014,IND,NPL,988
2014,IND,NRU,21
2014,IND,NZL,10
2014,IND,PNG,6
2014,IND,THA,60
2014,JPN,AUS,17
2014,KHM,AUS,82
2014,KHM,JPN,31
2014,KHM,MYS,138
2014,KHM,THA,447
2014,KOR,AUS,201
2014,KOR,JPN,5
2014,LAO,AUS,5
2014,LKA,AUS,6647
2014,LKA,IDN,1587
2014,LKA,IND,130114
2014,LKA,JPN,990
2014,LKA,KHM,15
2014,LKA,KOR,102
2014,LKA,MYS,11739
2014,LKA,NPL,78
2014,LKA,NRU,121
2014,LKA,NZL,100
2014,LKA,PHL,51
2014,LKA,PNG,24
2014,LKA,THA,1086
2014,MDV,AUS,7
2014,MDV,IND,15
2014,MDV,LKA,15
2014,MMR,AUS,598
2014,MMR,BGD,241559
2014,MMR,IDN,2433
2014,MMR,IND,51813
2014,MMR,JPN,4513
2014,MMR,KHM,78
2014,MMR,KOR,618
2014,MMR,LKA,261
2014,MMR,MYS,418809
2014,MMR,NPL,354
2014,MMR,NRU,24
2014,MMR,NZL,29
2014,MMR,PAK,69
2014,MMR,PHL,18
2014,MMR,PNG,49
2014,MMR,SGP,15
2014,MMR,THA,279810
2014,MMR,TLS,15
2014,MNG,AUS,109
2014,MNG,KOR,15
2014,MYS,AUS,846
2014,MYS,THA,15
2014,NPL,AUS,698
2014,NPL,IDN,15
2014,NPL,JPN,1870
2014,NPL,KOR,303
2014,NPL,NRU,11
2014,NPL,NZL,14
2014,NPL,PNG,10
2014,NPL,THA,57
2014,NZL,AUS,18
2014,PAK,AFG,860942
2014,PAK,AUS,5013
2014,PAK,CHN,93
2014,PAK,IDN,1416
2014,PAK,JPN,639
2014,PAK,KHM,18
2014,PAK,KOR,1482
2014,PAK,LKA,3612
2014,PAK,MYS,3285
2014,PAK,NPL,954
2014,PAK,NRU,126
2014,PAK,NZL,48
2014,PAK,PHL,60
2014,PAK,PNG,59
2014,PAK,THA,15537
2014,PHL,AUS,126
2014,PHL,IND,15
2014,PHL,JPN,40
2014,PHL,KOR,15
2014,PHL,MYS,80005
2014,PHL,THA,15
2014,PNG,AUS,498
2014,PRK,AUS,38
2014,SGP,AUS,6
2014,SLB,AUS,34
2014,THA,AUS,55
2014,THA,JPN,115
2014,THA,KHM,24
2014,THA,KOR,15
2014,THA,MYS,66
2014,TLS,AUS,15
2014,TON,AUS,101
2014,VNM,AUS,431
2014,VNM,CHN,601792
2014,VNM,JPN,241
2014,VNM,KHM,141
2014,VNM,MYS,21
2014,VNM,NZL,5
2014,VNM,PHL,219
2014,VNM,THA,1905
2014,WSM,AUS,7
2015,AFG,AFG,450951
2015,AFG,AUS,9207
2015,AFG,CHN,21
2015,AFG,FJI,21
2015,AFG,IDN,20016
2015,AFG,IND,38772
2015,AFG,JPN,54
2015,AFG,KOR,156
2015,AFG,LKA,693
2015,AFG,MNG,15
2015,AFG,MYS,1527
2015,AFG,NPL,207
2015,AFG,NRU,48
2015,AFG,NZL,45
2015,AFG,PAK,4700850
2015,AFG,PHL,15
2015,AFG,PNG,34
2015,AFG,THA,192
2015,BGD,AUS,1067
2015,BGD,IDN,315
2015,BGD,JPN,688
2015,BGD,KOR,1167
2015,BGD,MYS,96
2015,BGD,NRU,10
2015,BGD,NZL,13
2015,BGD,PHL,12
2015,BGD,PNG,5
2015,BGD,THA,27
2015,BRN,AUS,5
2015,BTN,AUS,10
2015,BTN,NPL,51402
2015,CHN,AUS,5133
2015,CHN,IDN,96
2015,CHN,IND,110108
2015,CHN,JPN,253
2015,CHN,KOR,1512
2015,CHN,MNG,18
2015,CHN,MYS,135
2015,CHN,NZL,147
2015,CHN,PHL,12
2015,CHN,THA,702
2015,FJI,AUS,695
2015,FJI,MYS,15
2015,FJI,NZL,36
2015,FJI,SLB,15
2015,IDN,AUS,494
2015,IDN,JPN,854
2015,IDN,KOR,21
2015,IDN,MYS,2223
2015,IDN,NRU,5
2015,IDN,PNG,9368
2015,IND,AUS,1281
2015,IND,FSM,15
2015,IND,IDN,21
2015,IND,JPN,554
2015,IND,KOR,882
2015,IND,MYS,18
2015,IND,NPL,1134
2015,IND,NRU,5
2015,IND,NZL,10
2015,IND,PNG,5
2015,IND,THA,75
2015,JPN,AUS,12
2015,KHM,AUS,79
2015,KHM,JPN,74
2015,KHM,KOR,27
2015,KHM,MYS,176
2015,KHM,PHL,15
2015,KHM,THA,501
2015,KIR,AUS,5
2015,KOR,AUS,157
2015,KOR,JPN,7
2015,LAO,AUS,10
2015,LAO,THA,15
2015,LKA,AUS,5729
2015,LKA,IDN,1836
2015,LKA,IND,128416
2015,LKA,JPN,1247
2015,LKA,KHM,15
2015,LKA,KOR,213
2015,LKA,MYS,9219
2015,LKA,NPL,66
2015,LKA,NRU,39
2015,LKA,NZL,103
2015,LKA,PHL,34
2015,LKA,PNG,5
2015,LKA,THA,915
2015,LKA,WSM,15
2015,MDV,AUS,15
2015,MDV,IND,15
2015,MDV,NZL,5
2015,MMR,AUS,564
2015,MMR,BGD,240740
2015,MMR,IDN,3315
2015,MMR,IND,55878
2015,MMR,JPN,3318
2015,MMR,KHM,72
2015,MMR,KOR,690
2015,MMR,LKA,15
2015,MMR,MYS,426693
2015,MMR,NPL,492
2015,MMR,NRU,10
2015,MMR,NZL,22
2015,MMR,PAK,72
2015,MMR,PHL,18
2015,MMR,PNG,5
2015,MMR,THA,217696
2015,MMR,TLS,15
2015,MNG,AUS,87
2015,MNG,JPN,5
2015,MYS,AUS,2672
2015,MYS,NRU,5
2015,NPL,AUS,528
2015,NPL,FSM,30
2015,NPL,IDN,15
2015,NPL,JPN,3096
2015,NPL,KOR,396
2015,NPL,MYS,15
2015,NPL,NRU,10
2015,NPL,NZL,12
2015,NPL,THA,63
2015,NZL,AUS,15
2015,PAK,AFG,731752
2015,PAK,AUS,4938
2015,PAK,CHN,51
2015,PAK,IDN,1497
2015,PAK,JPN,736
2015,PAK,KHM,18
2015,PAK,KOR,3224
2015,PAK,LKA,3255
2015,PAK,MYS,4233
2015,PAK,NPL,813
2015,PAK,NRU,77
2015,PAK,NZL,61
2015,PAK,PHL,171
2015,PAK,PNG,31
2015,PAK,THA,15792
2015,PHL,AUS,125
2015,PHL,CHN,51
2015,PHL,IND,15
2015,PHL,JPN,392
2015,PHL,KOR,315
2015,PHL,MYS,80030
2015,PHL,THA,15
2015,PNG,AUS,511
2015,PRK,AUS,26
2015,SGP,AUS,14
2015,SGP,MYS,15
2015,SLB,AUS,54
2015,THA,AUS,139
2015,THA,JPN,131
2015,THA,KHM,24
2015,THA,KOR,162
2015,THA,MYS,87
2015,TLS,AUS,19
2015,TON,AUS,78
2015,TON,NZL,6
2015,VNM,AUS,601
2015,VNM,CHN,300896
2015,VNM,JPN,601
2015,VNM,KHM,726
2015,VNM,KOR,243
2015,VNM,NZL,8
2015,VNM,PHL,160
2015,VNM,PNG,5
2015,VNM,THA,2307
2015,WSM,AUS,9
2016,AFG,AFG,342663
2016,AFG,AUS,11294
2016,AFG,CHN,75
2016,AFG,FJI,21
2016,AFG,IDN,21462
2016,AFG,IND,35844
2016,AFG,JPN,49
2016,AFG,KOR,123
2016,AFG,LKA,564
2016,AFG,MNG,15
2016,AFG,MYS,2118
2016,AFG,NPL,177
2016,AFG,NRU,48
2016,AFG,NZL,46
2016,AFG,PAK,4069821
2016,AFG,PHL,36
2016,AFG,PNG,28
2016,AFG,THA,213
2016,BGD,AUS,994
2016,BGD,IDN,204
2016,BGD,JPN,721
2016,BGD,KOR,1314
2016,BGD,LKA,30
2016,BGD,MYS,92
2016,BGD,NPL,36
2016,BGD,NRU,10
2016,BGD,NZL,13
2016,BGD,PHL,15
2016,BGD,THA,15
2016,BRN,AUS,5
2016,BTN,AUS,12
2016,BTN,NPL,33639
2016,CHN,AUS,5796
2016,CHN,IDN,72
2016,CHN,IND,110108
2016,CHN,JPN,96
2016,CHN,KOR,2403
2016,CHN,MNG,15
2016,CHN,MYS,141
2016,CHN,NZL,191
2016,CHN,PHL,15
2016,CHN,THA,642
2016,FJI,AUS,792
2016,FJI,NZL,28
2016,IDN,AUS,628
2016,IDN,JPN,1726
2016,IDN,KOR,15
2016,IDN,MYS,2556
2016,IDN,NRU,5
2016,IDN,NZL,5
2016,IDN,PNG,9368
2016,IND,AUS,1711
2016,IND,IDN,36
2016,IND,JPN,833
2016,IND,KOR,987
2016,IND,MYS,15
2016,IND,NPL,792
2016,IND,NRU,5
2016,IND,NZL,11
2016,IND,THA,75
2016,JPN,AUS,15
2016,KHM,AUS,151
2016,KHM,JPN,10
2016,KHM,KOR,63
2016,KHM,MYS,209
2016,KHM,PHL,15
2016,KHM,THA,690
2016,KOR,AUS,133
2016,LAO,AUS,21
2016,LAO,THA,21
2016,LKA,AUS,6606
2016,LKA,IDN,1620
2016,LKA,IND,126324
2016,LKA,JPN,1811
2016,LKA,KHM,15
2016,LKA,KOR,228
2016,LKA,MYS,6630
2016,LKA,NPL,66
2016,LKA,NRU,39
2016,LKA,NZL,99
2016,LKA,PHL,60
2016,LKA,THA,729
2016,LKA,WSM,15
2016,MDV,AUS,27
2016,MDV,IND,15
2016,MDV,LKA,24
2016,MDV,NZL,5
2016,MMR,AUS,595
2016,MMR,BGD,284172
2016,MMR,IDN,2865
2016,MMR,IND,57714
2016,MMR,JPN,3604
2016,MMR,KHM,72
2016,MMR,KOR,792
2016,MMR,LKA,15
2016,MMR,MYS,406150
2016,MMR,NPL,621
2016,MMR,NRU,10
2016,MMR,NZL,16
2016,MMR,PAK,69
2016,MMR,PHL,30
2016,MMR,THA,206768
2016,MNG,AUS,84
2016,MNG,KOR,90
2016,MYS,AUS,5967
2016,MYS,KOR,18
2016,MYS,NRU,5
2016,MYS,NZL,10
2016,MYS,THA,15
2016,NPL,AUS,487
2016,NPL,FSM,15
2016,NPL,JPN,4144
2016,NPL,KOR,537
2016,NPL,MYS,15
2016,NPL,NPL,1755
2016,NPL,NRU,10
2016,NPL,NZL,7
2016,NPL,THA,57
2016,NZL,AUS,35
2016,PAK,AFG,179508
2016,PAK,AUS,5774
2016,PAK,CHN,57
2016,PAK,IDN,1284
2016,PAK,JPN,709
2016,PAK,KHM,15
2016,PAK,KOR,3156
2016,PAK,LKA,2751
2016,PAK,MYS,6822
2016,PAK,NPL,786
2016,PAK,NRU,77
2016,PAK,NZL,68
2016,PAK,PHL,237
2016,PAK,PNG,32
2016,PAK,THA,13419
2016,PHL,AUS,182
2016,PHL,CHN,15
2016,PHL,IND,15
2016,PHL,JPN,1202
2016,PHL,KOR,828
2016,PHL,MYS,80040
2016,PHL,THA,15
2016,PNG,AUS,652
2016,PNG,NZL,5
2016,PRK,AUS,27
2016,SGP,AUS,14
2016,SLB,AUS,94
2016,THA,AUS,257
2016,THA,JPN,55
2016,THA,KHM,24
2016,THA,KOR,324
2016,THA,MYS,99
2016,THA,NZL,5
2016,TLS,AUS,14
2016,TON,AUS,97
2016,VNM,AUS,1007
2016,VNM,CHN,317098
2016,VNM,JPN,846
2016,VNM,KHM,567
2016,VNM,KOR,357
2016,VNM,NZL,8
2016,VNM,PHL,267
2016,VNM,THA,2367
2016,WSM,AUS,5
2016,WSM,NZL,5
2017,AFG,AFG,1344096
2017,AFG,AUS,12717
2017,AFG,CHN,78
2017,AFG,FJI,36
2017,AFG,IDN,22677
2017,AFG,IND,40503
2017,AFG,JPN,51
2017,AFG,KOR,132
2017,AFG,LKA,573
2017,AFG,MNG,15
2017,AFG,MYS,3561
2017,AFG,NPL,171
2017,AFG,NRU,81
2017,AFG,NZL,62
2017,AFG,PAK,4187553
2017,AFG,PHL,54
2017,AFG,PNG,117
2017,AFG,THA,279
2017,BGD,AUS,1291
2017,BGD,IDN,84
2017,BGD,JPN,1076
2017,BGD,KOR,1533
2017,BGD,MYS,104
2017,BGD,NPL,36
2017,BGD,NRU,42
2017,BGD,NZL,26
2017,BGD,PHL,15
2017,BGD,PNG,20
2017,BGD,THA,15
2017,BRN,AUS,9
2017,BTN,AUS,24
2017,BTN,NPL,22266
2017,CHN,AUS,11068
2017,CHN,IDN,57
2017,CHN,IND,108018
2017,CHN,JPN,604
2017,CHN,KOR,3474
2017,CHN,MNG,15
2017,CHN,MYS,90
2017,CHN,NZL,221
2017,CHN,PHL,30
2017,CHN,THA,618
2017,FJI,AUS,868
2017,FJI,NZL,34
2017,IDN,AUS,980
2017,IDN,JPN,2613
2017,IDN,KOR,27
2017,IDN,MYS,962
2017,IDN,NRU,5
2017,IDN,NZL,5
2017,IDN,PNG,9368
2017,IND,AUS,2688
2017,IND,IDN,21
2017,IND,JPN,1257
2017,IND,KOR,2160
2017,IND,MYS,21
2017,IND,NPL,705
2017,IND,NRU,19
2017,IND,NZL,31
2017,JPN,AUS,21
2017,KHM,AUS,223
2017,KHM,JPN,1085
2017,KHM,KOR,33
2017,KHM,MYS,141
2017,KHM,PHL,51
2017,KHM,THA,999
2017,KOR,AUS,152
2017,LAO,AUS,42
2017,LAO,THA,36
2017,LKA,AUS,7747
2017,LKA,IDN,1599
2017,LKA,IND,123684
2017,LKA,JPN,3608
2017,LKA,KHM,15
2017,LKA,KOR,369
2017,LKA,MYS,6117
2017,LKA,NPL,75
2017,LKA,NRU,129
2017,LKA,NZL,97
2017,LKA,PHL,60
2017,LKA,PNG,21
2017,LKA,THA,633
2017,LKA,WSM,15
2017,MDV,AUS,27
2017,MDV,IND,15
2017,MDV,LKA,39
2017,MDV,NZL,5
2017,MMR,AUS,759
2017,MMR,BGD,2530504
2017,MMR,IDN,2445
2017,MMR,IND,63723
2017,MMR,JPN,3710
2017,MMR,KHM,72
2017,MMR,KOR,912
2017,MMR,LKA,105
2017,MMR,MYS,395053
2017,MMR,NPL,942
2017,MMR,NRU,115
2017,MMR,NZL,17
2017,MMR,PAK,63
2017,MMR,PHL,30
2017,MMR,THA,200697
2017,MNG,AUS,78
2017,MNG,JPN,70
2017,MNG,KOR,477
2017,MNG,MNG,15
2017,MYS,AUS,8779
2017,MYS,KOR,1353
2017,MYS,NRU,5
2017,MYS,NZL,10
2017,NPL,AUS,509
2017,NPL,JPN,4520
2017,NPL,KOR,420
2017,NPL,LKA,15
2017,NPL,MYS,20
2017,NPL,NPL,1146
2017,NPL,NRU,14
2017,NPL,NZL,5
2017,NPL,THA,33
2017,NZL,AUS,53
2017,PAK,AFG,227982
2017,PAK,AUS,6847
2017,PAK,CHN,99
2017,PAK,FJI,15
2017,PAK,IDN,1197
2017,PAK,JPN,1051
2017,PAK,KHM,15
2017,PAK,KOR,2673
2017,PAK,LKA,3408
2017,PAK,MYS,16077
2017,PAK,NPL,726
2017,PAK,NRU,142
2017,PAK,NZL,69
2017,PAK,PHL,306
2017,PAK,PNG,96
2017,PAK,THA,8391
2017,PHL,AUS,338
2017,PHL,JPN,5298
2017,PHL,KOR,765
2017,PHL,MYS,80030
2017,PHL,NZL,7
2017,PNG,AUS,768
2017,PNG,NZL,5
2017,PRK,AUS,24
2017,SGP,AUS,12
2017,SLB,AUS,127
2017,THA,AUS,428
2017,THA,JPN,52
2017,THA,KHM,24
2017,THA,KOR,849
2017,THA,MYS,59
2017,TLS,AUS,8
2017,TON,AUS,130
2017,VNM,AUS,1783
2017,VNM,CHN,321502
2017,VNM,IDN,54
2017,VNM,JPN,2490
2017,VNM,KHM,189
2017,VNM,KOR,126
2017,VNM,NZL,8
2017,VNM,PHL,175
2017,VNM,THA,2763
2017,VUT,AUS,6
2017,WSM,AUS,11
2018,AFG,AFG,1469562
2018,AFG,AUS,13532
2018,AFG,CHN,32
2018,AFG,FJI,21
2018,AFG,IDN,23199
2018,AFG,IND,44544
2018,AFG,JPN,55
2018,AFG,KOR,195
2018,AFG,LKA,540
2018,AFG,MNG,15
2018,AFG,MYS,5151
2018,AFG,NPL,165
2018,AFG,NRU,86
2018,AFG,NZL,52
2018,AFG,PAK,4225599
2018,AFG,PHL,60
2018,AFG,PNG,125
2018,AFG,THA,441
2018,BGD,AFG,5
2018,BGD,AUS,1462
2018,BGD,FJI,15
2018,BGD,IDN,30
2018,BGD,JPN,27
2018,BGD,KOR,2849
2018,BGD,MYS,123
2018,BGD,NPL,30
2018,BGD,NRU,42
2018,BGD,NZL,17
2018,BGD,PHL,15
2018,BGD,PNG,25
2018,BTN,AUS,15
2018,BTN,NPL,19878
2018,CHN,AUS,15951
2018,CHN,IDN,51
2018,CHN,IND,108018
2018,CHN,JPN,73
2018,CHN,KOR,4899
2018,CHN,MYS,123
2018,CHN,NZL,269
2018,CHN,PHL,30
2018,CHN,THA,600
2018,FJI,AUS,1422
2018,FJI,NZL,28
2018,IDN,AUS,1393
2018,IDN,KOR,66
2018,IDN,MYS,2829
2018,IDN,NRU,10
2018,IDN,NZL,5
2018,IDN,PNG,9368
2018,IDN,SLB,5
2018,IND,AUS,4007
2018,IND,KOR,4877
2018,IND,MYS,15
2018,IND,NPL,614
2018,IND,NRU,22
2018,IND,NZL,42
2018,IND,PNG,5
2018,JPN,AUS,24
2018,KHM,AUS,361
2018,KHM,KOR,149
2018,KHM,MYS,216
2018,KHM,PHL,48
2018,KHM,THA,1014
2018,KOR,AUS,204
2018,LAO,AUS,121
2018,LAO,KOR,18
2018,LAO,MYS,15
2018,LAO,THA,15
2018,LKA,AUS,7292
2018,LKA,IDN,1332
2018,LKA,IND,60802
2018,LKA,JPN,53
2018,LKA,KOR,651
2018,LKA,MYS,5217
2018,LKA,NPL,60
2018,LKA,NRU,156
2018,LKA,NZL,93
2018,LKA,PHL,60
2018,LKA,PNG,21
2018,LKA,THA,504
2018,LKA,WSM,15
2018,MDV,AUS,25
2018,MDV,IND,15
2018,MDV,LKA,33
2018,MDV,NZL,5
2018,MMR,AUS,774
2018,MMR,BGD,2719905
2018,MMR,IDN,2478
2018,MMR,IND,62631
2018,MMR,JPN,1125
2018,MMR,KOR,1065
2018,MMR,LKA,99
2018,MMR,MYS,422025
2018,MMR,NPL,1098
2018,MMR,NRU,128
2018,MMR,NZL,12
2018,MMR,PAK,159
2018,MMR,PHL,30
2018,MMR,PNG,5
2018,MMR,THA,293103
2018,MNG,AUS,130
2018,MNG,KOR,1537
2018,MNG,MNG,15
2018,MYS,AUS,13427
2018,MYS,KOR,4258
2018,MYS,NRU,10
2018,MYS,NZL,14
2018,NPL,AUS,601
2018,NPL,KOR,683
2018,NPL,MYS,30
2018,NPL,NPL,984
2018,NPL,NRU,19
2018,NPL,NZL,5
2018,NPL,THA,30
2018,NZL,AUS,40
2018,PAK,AFG,216945
2018,PAK,AUS,7679
2018,PAK,CHN,42
2018,PAK,FJI,15
2018,PAK,IDN,1101
2018,PAK,JPN,34
2018,PAK,KOR,4679
2018,PAK,LKA,3702
2018,PAK,MYS,17844
2018,PAK,NPL,705
2018,PAK,NRU,146
2018,PAK,NZL,77
2018,PAK,PHL,309
2018,PAK,PNG,96
2018,PAK,THA,6168
2018,PHL,AUS,610
2018,PHL,KOR,1776
2018,PHL,MYS,80060
2018,PHL,NZL,5
2018,PNG,AUS,864
2018,PRK,AUS,19
2018,SGP,AUS,34
2018,SLB,AUS,166
2018,THA,AUS,1757
2018,THA,IND,5
2018,THA,KOR,1383
2018,THA,MYS,99
2018,TLS,AUS,7
2018,TON,AUS,196
2018,VNM,AUS,1918
2018,VNM,CHN,321502
2018,VNM,IDN,60
2018,VNM,KOR,354
2018,VNM,NZL,9
2018,VNM,PHL,152
2018,VNM,THA,3390
2018,WSM,AUS,42
2019,AFG,AFG,1341279
2019,AFG,AUS,13295
2019,AFG,CHN,126
2019,AFG,FJI,30
2019,AFG,IDN,23076
2019,AFG,IND,47067
2019,AFG,JPN,68
2019,AFG,KOR,90
2019,AFG,LKA,615
2019,AFG,MYS,7434
2019,AFG,NPL,153
2019,AFG,NRU,90
2019,AFG,NZL,77
2019,AFG,PAK,4282470
2019,AFG,PHL,60
2019,AFG,PNG,144
2019,AFG,THA,456
2019,AUS,AUS,32
2019,AUS,MYS,15
2019,BGD,AUS,1599
2019,BGD,FJI,15
2019,BGD,JPN,24
2019,BGD,KOR,1201
2019,BGD,LKA,15
2019,BGD,MYS,168
2019,BGD,NPL,15
2019,BGD,NRU,123
2019,BGD,NZL,28
2019,BGD,PNG,42
2019,BRN,AUS,10
2019,BTN,AUS,19
2019,BTN,NPL,19188
2019,CHN,AUS,19684
2019,CHN,IDN,51
2019,CHN,IND,108018
2019,CHN,JPN,56
2019,CHN,KOR,2650
2019,CHN,MNG,15
2019,CHN,MYS,153
2019,CHN,NZL,302
2019,CHN,PAK,60
2019,CHN,PHL,30
2019,CHN,THA,564
2019,FJI,AUS,2406
2019,FJI,NZL,36
2019,IDN,AUS,1999
2019,IDN,KOR,55
2019,IDN,MYS,3012
2019,IDN,NRU,15
2019,IDN,NZL,10
2019,IDN,PNG,9368
2019,IND,AUS,6191
2019,IND,KOR,2065
2019,IND,MYS,48
2019,IND,NPL,590
2019,IND,NRU,33
2019,IND,NZL,70
2019,IND,PAK,15
2019,IND,PNG,15
2019,IND,THA,15
2019,JPN,AUS,15
2019,KHM,AUS,494
2019,KHM,KOR,80
2019,KHM,MYS,267
2019,KHM,PHL,54
2019,KHM,THA,963
2019,KOR,AUS,205
2019,LAO,AUS,228
2019,LAO,KOR,6
2019,LAO,MYS,15
2019,LAO,THA,18
2019,LKA,AUS,7251
2019,LKA,IDN,1299
2019,LKA,IND,118856
2019,LKA,JPN,58
2019,LKA,KOR,401
2019,LKA,MYS,5709
2019,LKA,NPL,78
2019,LKA,NRU,372
2019,LKA,NZL,103
2019,LKA,PHL,60
2019,LKA,PNG,30
2019,LKA,THA,465
2019,MDV,AUS,21
2019,MDV,IND,15
2019,MDV,NZL,5
2019,MMR,AUS,729
2019,MMR,BGD,2564292
2019,MMR,IDN,1884
2019,MMR,IND,9750
2019,MMR,JPN,668
2019,MMR,KOR,435
2019,MMR,LKA,102
2019,MMR,MYS,461331
2019,MMR,NPL,1086
2019,MMR,NRU,237
2019,MMR,NZL,12
2019,MMR,PAK,162
2019,MMR,PHL,21
2019,MMR,PNG,15
2019,MMR,THA,280401
2019,MNG,AUS,263
2019,MNG,KOR,506
2019,MNG,MNG,30
2019,MNG,NZL,11
2019,MYS,AUS,18674
2019,MYS,KOR,2287
2019,MYS,NRU,15
2019,MYS,NZL,33
2019,NPL,AUS,696
2019,NPL,KOR,436
2019,NPL,MYS,33
2019,NPL,NPL,972
2019,NPL,NRU,45
2019,NPL,NZL,10
2019,NPL,THA,18
2019,NRU,AUS,15
2019,NZL,AUS,48
2019,PAK,AFG,216987
2019,PAK,AUS,8087
2019,PAK,CHN,123
2019,PAK,FJI,21
2019,PAK,IDN,1023
2019,PAK,JPN,35
2019,PAK,KOR,1874
2019,PAK,LKA,3252
2019,PAK,MYS,19821
2019,PAK,NPL,618
2019,PAK,NRU,204
2019,PAK,NZL,74
2019,PAK,PHL,309
2019,PAK,PNG,135
2019,PAK,THA,5334
2019,PHL,AUS,1327
2019,PHL,KOR,562
2019,PHL,MYS,55072
2019,PHL,NZL,13
2019,PNG,AUS,1014
2019,PNG,NZL,5
2019,PRK,AUS,28
2019,SGP,AUS,40
2019,SLB,AUS,248
2019,THA,AUS,2449
2019,THA,KOR,444
2019,THA,MYS,153
2019,TLS,AUS,18
2019,TON,AUS,438
2019,TON,NZL,5
2019,VNM,AUS,2788
2019,VNM,CHN,303095
2019,VNM,IDN,60
2019,VNM,KHM,81
2019,VNM,KOR,396
2019,VNM,MYS,15
2019,VNM,NZL,14
2019,VNM,PHL,163
2019,VNM,THA,3492
2019,VUT,AUS,16
2019,WSM,AUS,84
2020,AFG,AFG,247785
2020,AFG,AUS,12420
2020,AFG,CHN,96
2020,AFG,FJI,24
2020,AFG,IDN,22806
2020,AFG,IND,45396
2020,AFG,JPN,73
2020,AFG,KOR,129
2020,AFG,LKA,501
2020,AFG,MNG,15
2020,AFG,MYS,8010
2020,AFG,NPL,156
2020,AFG,NRU,87
2020,AFG,NZL,80
2020,AFG,PAK,4344324
2020,AFG,PHL,27
2020,AFG,PNG,105
2020,AFG,THA,534
2020,AUS,MYS,15
2020,BGD,AUS,1656
2020,BGD,BGD,472000
2020,BGD,FJI,15
2020,BGD,IDN,15
2020,BGD,IND,24
2020,BGD,JPN,18
2020,BGD,KOR,1387
2020,BGD,LKA,15
2020,BGD,MYS,159
2020,BGD,NPL,15
2020,BGD,NRU,117
2020,BGD,NZL,23
2020,BGD,PNG,60
2020,BRN,AUS,5
2020,BTN,AUS,22
2020,BTN,NPL,19095
2020,CHN,AUS,18591
2020,CHN,IDN,48
2020,CHN,IND,73417
2020,CHN,JPN,55
2020,CHN,KOR,1846
2020,CHN,MNG,15
2020,CHN,MYS,147
2020,CHN,NZL,320
2020,CHN,PAK,60
2020,CHN,PHL,30
2020,CHN,THA,582
2020,FJI,AUS,2658
2020,FJI,NZL,45
2020,IDN,AUS,2290
2020,IDN,IDN,510
2020,IDN,KOR,46
2020,IDN,MYS,2970
2020,IDN,NRU,30
2020,IDN,NZL,106
2020,IDN,PNG,10501
2020,IND,AUS,6945
2020,IND,KOR,1827
2020,IND,MYS,51
2020,IND,NPL,210
2020,IND,NRU,42
2020,IND,NZL,89
2020,IND,PAK,15
2020,IND,PNG,15
2020,JPN,AUS,29
2020,KHM,AUS,585
2020,KHM,KOR,56
2020,KHM,MYS,264
2020,KHM,PHL,39
2020,KHM,THA,1116
2020,KOR,AUS,199
2020,LAO,AUS,288
2020,LAO,KOR,5
2020,LAO,THA,24
2020,LKA,AUS,6834
2020,LKA,IDN,1389
2020,LKA,IND,152102
2020,LKA,JPN,54
2020,LKA,KOR,316
2020,LKA,MYS,5223
2020,LKA,NPL,75
2020,LKA,NRU,360
2020,LKA,NZL,85
2020,LKA,PHL,15
2020,LKA,PNG,30
2020,LKA,THA,405
2020,MDV,AUS,32
2020,MDV,IND,15
2020,MDV,NZL,5
2020,MMR,AUS,787
2020,MMR,BGD,2599554
2020,MMR,IDN,2727
2020,MMR,IND,64116
2020,MMR,JPN,285
2020,MMR,KOR,831
2020,MMR,LKA,102
2020,MMR,MYS,462111
2020,MMR,NPL,1152
2020,MMR,NRU,222
2020,MMR,NZL,12
2020,MMR,PAK,162
2020,MMR,PHL,15
2020,MMR,PNG,15
2020,MMR,THA,275853
2020,MNG,AUS,385
2020,MNG,KOR,370
2020,MNG,MNG,24
2020,MNG,NZL,12
2020,MYS,AUS,19362
2020,MYS,KOR,1848
2020,MYS,NRU,15
2020,MYS,NZL,54
2020,NPL,AUS,776
2020,NPL,KOR,497
2020,NPL,MYS,33
2020,NPL,NPL,343
2020,NPL,NRU,51
2020,NPL,NZL,10
2020,NPL,THA,15
2020,NRU,AUS,21
2020,NZL,AUS,54
2020,PAK,AFG,216963
2020,PAK,AUS,7985
2020,PAK,CHN,123
2020,PAK,FJI,18
2020,PAK,IDN,924
2020,PAK,JPN,33
2020,PAK,KOR,1666
2020,PAK,LKA,2859
2020,PAK,MYS,19857
2020,PAK,NPL,585
2020,PAK,NRU,168
2020,PAK,NZL,62
2020,PAK,PAK,162
2020,PAK,PHL,371
2020,PAK,PNG,111
2020,PAK,THA,5298
2020,PHL,AUS,1461
2020,PHL,KOR,546
2020,PHL,MYS,60
2020,PHL,NZL,21
2020,PHL,PHL,129445
2020,PNG,AUS,1155
2020,PNG,NZL,5
2020,PRK,AUS,16
2020,SGP,AUS,32
2020,SLB,AUS,291
2020,THA,AUS,2702
2020,THA,KOR,374
2020,THA,MYS,150
2020,THA,PHL,15
2020,TLS,AUS,305
2020,TON,AUS,757
2020,VNM,AUS,3494
2020,VNM,CHN,303095
2020,VNM,IDN,60
2020,VNM,KHM,36
2020,VNM,KOR,239
2020,VNM,MYS,15
2020,VNM,NZL,13
2020,VNM,PHL,131
2020,VNM,THA,3957
2020,VUT,AUS,81
2020,WSM,AUS,123
2020,WSM,NZL,5
2021,AFG,AFG,1732356
2021,AFG,AUS,17245
2021,AFG,BGD,15
2021,AFG,CHN,156
2021,AFG,FJI,24
2021,AFG,IDN,22314
2021,AFG,IND,48741
2021,AFG,JPN,84
2021,AFG,KOR,105
2021,AFG,LKA,420
2021,AFG,MNG,15
2021,AFG,MYS,8409
2021,AFG,NPL,192
2021,AFG,NRU,84
2021,AFG,NZL,74
2021,AFG,PAK,4403460
2021,AFG,PHL,42
2021,AFG,PNG,90
2021,AFG,THA,519
2021,AUS,MYS,15
2021,BGD,AFG,15
2021,BGD,AUS,1737
2021,BGD,BGD,174850
2021,BGD,FJI,15
2021,BGD,IND,24
2021,BGD,JPN,18
2021,BGD,KOR,1133
2021,BGD,MYS,162
2021,BGD,NPL,15
2021,BGD,NRU,108
2021,BGD,NZL,25
2021,BGD,PNG,60
2021,BGD,VUT,15
2021,BRN,AUS,5
2021,BTN,AUS,22
2021,BTN,NPL,19095
2021,CHN,AUS,17353
2021,CHN,IDN,48
2021,CHN,IND,73417
2021,CHN,JPN,77
2021,CHN,KOR,1171
2021,CHN,MYS,138
2021,CHN,NZL,342
2021,CHN,PAK,48
2021,CHN,PHL,30
2021,CHN,THA,582
2021,FJI,AUS,2798
2021,FJI,NZL,39
2021,IDN,AUS,2563
2021,IDN,IDN,510
2021,IDN,KOR,29
2021,IDN,MYS,2943
2021,IDN,NRU,30
2021,IDN,NZL,66
2021,IDN,PNG,11735
2021,IND,AUS,7470
2021,IND,KOR,1294
2021,IND,MYS,72
2021,IND,NPL,210
2021,IND,NRU,36
2021,IND,NZL,182
2021,IND,PAK,15
2021,IND,PNG,15
2021,JPN,AUS,31
2021,KHM,AUS,628
2021,KHM,KOR,47
2021,KHM,MYS,261
2021,KHM,PHL,39
2021,KHM,THA,1206
2021,KIR,NZL,5
2021,KOR,AUS,283
2021,LAO,AUS,293
2021,LAO,THA,24
2021,LKA,AUS,6621
2021,LKA,IDN,1314
2021,LKA,IND,151079
2021,LKA,JPN,59
2021,LKA,KOR,199
2021,LKA,MYS,5070
2021,LKA,NPL,57
2021,LKA,NRU,285
2021,LKA,NZL,98
2021,LKA,PAK,33
2021,LKA,PHL,54
2021,LKA,PNG,18
2021,LKA,THA,375
2021,MDV,AUS,29
2021,MDV,IND,15
2021,MDV,NZL,5
2021,MMR,AUS,1184
2021,MMR,BGD,2756694
2021,MMR,IDN,2046
2021,MMR,IND,88695
2021,MMR,JPN,583
2021,MMR,KHM,45
2021,MMR,KOR,503
2021,MMR,LKA,105
2021,MMR,MYS,466215
2021,MMR,NPL,1434
2021,MMR,NRU,213
2021,MMR,NZL,29
2021,MMR,PAK,162
2021,MMR,PHL,30
2021,MMR,PNG,15
2021,MMR,THA,279500
2021,MNG,AUS,384
2021,MNG,KOR,177
2021,MNG,MNG,15
2021,MNG,NZL,6
2021,MYS,AUS,19752
2021,MYS,KOR,875
2021,MYS,NRU,15
2021,MYS,NZL,38
2021,MYS,PHL,15
2021,NPL,AUS,741
2021,NPL,KOR,396
2021,NPL,MYS,33
2021,NPL,NPL,343
2021,NPL,NRU,48
2021,NPL,NZL,5
2021,NPL,THA,15
2021,NRU,AUS,21
2021,NZL,AUS,53
2021,PAK,AFG,201378
2021,PAK,AUS,7677
2021,PAK,CHN,123
2021,PAK,FJI,15
2021,PAK,IDN,891
2021,PAK,JPN,34
2021,PAK,KHM,15
2021,PAK,KOR,1056
2021,PAK,LKA,2574
2021,PAK,MYS,20244
2021,PAK,NPL,588
2021,PAK,NRU,138
2021,PAK,NZL,59
2021,PAK,PAK,1240431
2021,PAK,PHL,374
2021,PAK,PNG,96
2021,PAK,THA,4986
2021,PHL,AUS,1736
2021,PHL,KOR,331
2021,PHL,MYS,55060
2021,PHL,NZL,22
2021,PHL,PHL,128623
2021,PNG,AUS,1133
2021,PNG,NZL,5
2021,PRK,AUS,9
2021,SGP,AUS,43
2021,SLB,AUS,339
2021,THA,AUS,2255
2021,THA,KOR,189
2021,THA,MYS,150
2021,THA,NZL,7
2021,THA,PHL,15
2021,TLS,AUS,353
2021,TON,AUS,839
2021,TON,NZL,5
2021,VNM,AUS,3792
2021,VNM,CHN,303107
2021,VNM,IDN,45
2021,VNM,KHM,48
2021,VNM,KOR,63
2021,VNM,MYS,15
2021,VNM,NZL,12
2021,VNM,PHL,140
2021,VNM,THA,4071
2021,VUT,AUS,86
2021,WSM,AUS,155
2022,AFG,AFG,2902062
2022,AFG,AUS,11346
2022,AFG,BGD,15
2022,AFG,CHN,201
2022,AFG,FJI,39
2022,AFG,IDN,20973
2022,AFG,IND,45117
2022,AFG,JPN,570
2022,AFG,KOR,140
2022,AFG,LKA,261
2022,AFG,MNG,15
2022,AFG,MYS,10176
2022,AFG,NPL,156
2022,AFG,NRU,15
2022,AFG,NZL,74
2022,AFG,PAK,5058108
2022,AFG,PHL,30
2022,AFG,PNG,54
2022,AFG,THA,438
2022,BGD,AFG,15
2022,BGD,AUS,1867
2022,BGD,BGD,174850
2022,BGD,IND,24
2022,BGD,JPN,18
2022,BGD,KOR,1071
2022,BGD,MYS,156
2022,BGD,NRU,42
2022,BGD,NZL,34
2022,BGD,PNG,15
2022,BRN,AUS,14
2022,BTN,AUS,27
2022,BTN,NPL,19095
2022,CHN,AUS,16444
2022,CHN,IDN,60
2022,CHN,IND,72304
2022,CHN,JPN,86
2022,CHN,KOR,1215
2022,CHN,MNG,15
2022,CHN,MYS,162
2022,CHN,NZL,361
2022,CHN,PAK,48
2022,CHN,PHL,30
2022,CHN,THA,753
2022,FJI,AUS,2973
2022,FJI,NZL,41
2022,IDN,AUS,3135
2022,IDN,IDN,531
2022,IDN,MYS,2883
2022,IDN,NZL,19
2022,IDN,PNG,13725
2022,IND,AUS,8620
2022,IND,KOR,2077
2022,IND,LKA,15
2022,IND,MYS,81
2022,IND,NPL,210
2022,IND,NZL,156
2022,IND,PAK,15
2022,JPN,AUS,33
2022,KHM,AUS,672
2022,KHM,KOR,20
2022,KHM,MYS,258
2022,KHM,PHL,39
2022,KHM,THA,1029
2022,KIR,AUS,25
2022,KIR,NZL,5
2022,KOR,AUS,382
2022,LAO,AUS,288
2022,LAO,THA,33
2022,LKA,AUS,7444
2022,LKA,IDN,1305
2022,LKA,IND,150554
2022,LKA,JPN,59
2022,LKA,KOR,217
2022,LKA,MYS,4521
2022,LKA,NPL,63
2022,LKA,NRU,33
2022,LKA,NZL,92
2022,LKA,PAK,33
2022,LKA,PHL,57
2022,LKA,PNG,15
2022,LKA,THA,345
2022,MDV,AUS,29
2022,MDV,IND,15
2022,MDV,NZL,5
2022,MMR,AUS,1840
2022,MMR,BGD,2857110
2022,MMR,IDN,2730
2022,MMR,IND,133323
2022,MMR,JPN,11764
2022,MMR,KHM,45
2022,MMR,KOR,862
2022,MMR,LKA,108
2022,MMR,MYS,474495
2022,MMR,NPL,1395
2022,MMR,NRU,15
2022,MMR,NZL,36
2022,MMR,PAK,165
2022,MMR,PHL,45
2022,MMR,THA,272820
2022,MNG,AUS,413
2022,MNG,KOR,243
2022,MNG,MNG,18
2022,MNG,NZL,5
2022,MYS,AUS,19178
2022,MYS,KOR,356
2022,MYS,NZL,52
2022,MYS,PHL,15
2022,NPL,AUS,926
2022,NPL,KOR,339
2022,NPL,MYS,27
2022,NPL,NPL,343
2022,NPL,NRU,15
2022,NPL,NZL,5
2022,NPL,THA,15
2022,NRU,AUS,24
2022,NZL,AUS,61
2022,PAK,AFG,156930
2022,PAK,AUS,7625
2022,PAK,CHN,108
2022,PAK,IDN,894
2022,PAK,JPN,38
2022,PAK,KHM,15
2022,PAK,KOR,978
2022,PAK,LKA,1629
2022,PAK,MYS,20628
2022,PAK,NPL,648
2022,PAK,NRU,42
2022,PAK,NZL,62
2022,PAK,PAK,1337679
2022,PAK,PHL,382
2022,PAK,PNG,45
2022,PAK,THA,4359
2022,PHL,AUS,1676
2022,PHL,KOR,157
2022,PHL,MYS,55048
2022,PHL,NZL,12
2022,PHL,PHL,128115
2022,PNG,AUS,1209
2022,PNG,NZL,5
2022,PRK,AUS,9
2022,SGP,AUS,50
2022,SLB,AUS,588
2022,THA,AUS,2266
2022,THA,KOR,93
2022,THA,MYS,126
2022,THA,NZL,18
2022,THA,PHL,15
2022,TLS,AUS,644
2022,TON,AUS,1328
2022,TON,FJI,15
2022,TON,NZL,5
2022,VNM,AUS,4026
2022,VNM,KHM,48
2022,VNM,KOR,14
2022,VNM,NZL,12
2022,VNM,PHL,146
2022,VNM,THA,4137
2022,VUT,AUS,583
2022,WSM,AUS,398
2023,AFG,AFG,4853607
2023,AFG,AUS,6957
2023,AFG,CHN,168
2023,AFG,FJI,15
2023,AFG,IDN,17937
2023,AFG,IND,36672
2023,AFG,JPN,731
2023,AFG,KOR,160
2023,AFG,LKA,159
2023,AFG,MNG,15
2023,AFG,MYS,8718
2023,AFG,NPL,102
2023,AFG,NZL,100
2023,AFG,PAK,5674725
2023,AFG,PHL,60
2023,AFG,PNG,27
2023,AFG,THA,426
2023,BGD,AFG,15
2023,BGD,AUS,1494
2023,BGD,BGD,537900
2023,BGD,IDN,21
2023,BGD,IND,36
2023,BGD,JPN,20
2023,BGD,KOR,1158
2023,BGD,LKA,18
2023,BGD,MYS,201
2023,BGD,NPL,15
2023,BGD,NRU,24
2023,BGD,NZL,20
2023,BGD,PNG,15
2023,BRN,AUS,24
2023,BTN,AUS,32
2023,BTN,NPL,19095
2023,CHN,AUS,13945
2023,CHN,IDN,51
2023,CHN,IND,73406
2023,CHN,JPN,92
2023,CHN,KOR,1595
2023,CHN,MNG,15
2023,CHN,MYS,108
2023,CHN,NZL,695
2023,CHN,PAK,51
2023,CHN,PHL,54
2023,CHN,THA,639
2023,CHN,VUT,5
2023,FJI,AUS,2516
2023,FJI,NZL,30
2023,IDN,AUS,3205
2023,IDN,IDN,528
2023,IDN,JPN,5
2023,IDN,KOR,34
2023,IDN,MYS,2442
2023,IDN,NZL,15
2023,IDN,PNG,16236
2023,IND,AUS,8280
2023,IND,KOR,2656
2023,IND,MYS,54
2023,IND,NPL,420
2023,IND,NZL,705
2023,IND,PAK,15
2023,JPN,AUS,26
2023,JPN,NZL,5
2023,KHM,AUS,604
2023,KHM,MYS,276
2023,KHM,NZL,5
2023,KHM,PHL,39
2023,KHM,THA,1329
2023,KIR,AUS,27
2023,KOR,AUS,416
2023,LAO,AUS,269
2023,LAO,THA,15
2023,LKA,AUS,4215
2023,LKA,FJI,15
2023,LKA,IDN,1188
2023,LKA,IND,149270
2023,LKA,JPN,69
2023,LKA,KOR,324
2023,LKA,MYS,3801
2023,LKA,NPL,81
2023,LKA,NZL,127
2023,LKA,PAK,33
2023,LKA,PHL,72
2023,LKA,THA,276
2023,LKA,VNM,57
2023,MDV,AUS,14
2023,MDV,IND,15
2023,MDV,NZL,5
2023,MMR,AUS,1923
2023,MMR,BGD,2915892
2023,MMR,IDN,6189
2023,MMR,IND,143946
2023,MMR,JPN,18263
2023,MMR,KHM,29
2023,MMR,KOR,984
2023,MMR,LKA,333
2023,MMR,MYS,487329
2023,MMR,NPL,1506
2023,MMR,NZL,53
2023,MMR,PAK,177
2023,MMR,PHL,90
2023,MMR,THA,250377
2023,MNG,AUS,488
2023,MNG,KOR,991
2023,MNG,MNG,15
2023,MNG,NZL,5
2023,MYS,AUS,16777
2023,MYS,KOR,1258
2023,MYS,NZL,242
2023,MYS,PHL,21
2023,NPL,AUS,992
2023,NPL,KOR,475
2023,NPL,MYS,18
2023,NPL,NPL,686
2023,NPL,NZL,18
2023,NPL,THA,15
2023,NRU,AUS,23
2023,NZL,AUS,48
2023,PAK,AFG,104982
2023,PAK,AUS,3917
2023,PAK,CHN,96
2023,PAK,IDN,732
2023,PAK,JPN,40
2023,PAK,KOR,1105
2023,PAK,LKA,1056
2023,PAK,MYS,19071
2023,PAK,NPL,1059
2023,PAK,NRU,15
2023,PAK,NZL,101
2023,PAK,PAK,1400279
2023,PAK,PHL,390
2023,PAK,PNG,48
2023,PAK,THA,4842
2023,PHL,AUS,1532
2023,PHL,KOR,166
2023,PHL,MYS,55024
2023,PHL,NZL,25
2023,PHL,PHL,126160
2023,PNG,AUS,1161
2023,PNG,NZL,5
2023,PNG,PNG,5610
2023,PRK,AUS,14
2023,SGP,AUS,42
2023,SLB,AUS,527
2023,THA,AUS,2221
2023,THA,KOR,132
2023,THA,MYS,102
2023,THA,NZL,14
2023,THA,PHL,15
2023,TLS,AUS,993
2023,TON,AUS,1341
2023,TON,FJI,15
2023,TON,NZL,12
2023,TUV,AUS,5
2023,VNM,AUS,4072
2023,VNM,KHM,48
2023,VNM,KOR,17
2023,VNM,NZL,13
2023,VNM,PHL,152
2023,VNM,THA,5013
2023,VUT,AUS,618
2023,WSM,AUS,381
2024,AFG,AFG,2018658
2024,AFG,AUS,6335
2024,AFG,BGD,15
2024,AFG,CHN,153
2024,AFG,IDN,15594
2024,AFG,IND,29292
2024,AFG,JPN,873
2024,AFG,KOR,177
2024,AFG,LKA,81
2024,AFG,MNG,33
2024,AFG,MYS,8244
2024,AFG,NPL,102
2024,AFG,NZL,169
2024,AFG,PAK,6810512
2024,AFG,PHL,168
2024,AFG,PNG,18
2024,AFG,THA,558
2024,BGD,AFG,15
2024,BGD,AUS,1785
2024,BGD,BGD,544641
2024,BGD,IND,27
2024,BGD,JPN,21
2024,BGD,KOR,1140
2024,BGD,MYS,216
2024,BGD,NPL,48
2024,BGD,NRU,216
2024,BGD,NZL,67
2024,BGD,PNG,33
2024,BRN,AUS,71
2024,BTN,AUS,19
2024,BTN,NPL,19095
2024,CHN,AUS,14850
2024,CHN,IDN,51
2024,CHN,IND,63169
2024,CHN,JPN,97
2024,CHN,KOR,2496
2024,CHN,MNG,30
2024,CHN,MYS,87
2024,CHN,NRU,21
2024,CHN,NZL,962
2024,CHN,PAK,51
2024,CHN,PHL,96
2024,CHN,THA,576
2024,FJI,AUS,2646
2024,FJI,NZL,28
2024,IDN,AUS,3849
2024,IDN,IDN,714
2024,IDN,JPN,5
2024,IDN,KOR,335
2024,IDN,MYS,2598
2024,IDN,NZL,21
2024,IDN,PNG,24325
2024,IND,AFG,15
2024,IND,AUS,12400
2024,IND,FJI,15
2024,IND,KOR,3492
2024,IND,MYS,45
2024,IND,NPL,420
2024,IND,NRU,15
2024,IND,NZL,1524
2024,IND,PAK,15
2024,IND,THA,15
2024,JPN,AUS,40
2024,JPN,NZL,5
2024,KHM,AUS,873
2024,KHM,JPN,5
2024,KHM,KOR,35
2024,KHM,MYS,351
2024,KHM,NZL,10
2024,KHM,PHL,42
2024,KHM,PLW,15
2024,KHM,THA,1257
2024,KIR,AUS,53
2024,KIR,NZL,5
2024,KOR,AUS,625
2024,LAO,AUS,351
2024,LAO,THA,36
2024,LKA,AUS,4877
2024,LKA,FJI,30
2024,LKA,IDN,1176
2024,LKA,IND,147884
2024,LKA,JPN,69
2024,LKA,KOR,395
2024,LKA,MYS,3315
2024,LKA,NPL,69
2024,LKA,NZL,309
2024,LKA,PAK,33
2024,LKA,PHL,63
2024,LKA,THA,309
2024,LKA,VNM,57
2024,MDV,AUS,19
2024,MDV,IND,15
2024,MDV,NZL,5
2024,MMR,AUS,2408
2024,MMR,BGD,3016788
2024,MMR,IDN,8037
2024,MMR,IND,147224
2024,MMR,JPN,24761
2024,MMR,KHM,39
2024,MMR,KOR,1194
2024,MMR,LKA,682
2024,MMR,MYS,511602
2024,MMR,NPL,1479
2024,MMR,NZL,96
2024,MMR,PAK,180
2024,MMR,PHL,156
2024,MMR,THA,244554
2024,MNG,AUS,666
2024,MNG,KOR,1652
2024,MNG,MNG,15
2024,MNG,NZL,8
2024,MYS,AUS,10407
2024,MYS,KOR,1731
2024,MYS,NZL,172
2024,MYS,PHL,15
2024,NCL,AUS,5
2024,NPL,AUS,1399
2024,NPL,KOR,579
2024,NPL,MYS,18
2024,NPL,NPL,686
2024,NPL,NZL,94
2024,NPL,THA,15
2024,NRU,AUS,23
2024,NZL,AUS,44
2024,PAK,AFG,63378
2024,PAK,AUS,4452
2024,PAK,CHN,78
2024,PAK,IDN,558
2024,PAK,JPN,40
2024,PAK,KOR,1521
2024,PAK,LKA,702
2024,PAK,MYS,17127
2024,PAK,NPL,1062
2024,PAK,NRU,33
2024,PAK,NZL,188
2024,PAK,PAK,1456849
2024,PAK,PHL,414
2024,PAK,PNG,42
2024,PAK,THA,5601
2024,PHL,AUS,3350
2024,PHL,KOR,233
2024,PHL,MYS,55069
2024,PHL,NZL,21
2024,PHL,PHL,363006
2024,PNG,AUS,1423
2024,PNG,NZL,10
2024,PNG,PNG,6933
2024,PRK,AUS,14
2024,SGP,AUS,37
2024,SLB,AUS,851
2024,THA,AUS,2550
2024,THA,KOR,199
2024,THA,MYS,108
2024,THA,NZL,14
2024,THA,PHL,15
2024,TLS,AUS,1176
2024,TLS,MYS,15
2024,TON,AUS,1723
2024,TON,FJI,15
2024,TON,NZL,11
2024,TUV,AUS,5
2024,TUV,NZL,6
2024,VNM,AUS,7635
2024,VNM,KHM,45
2024,VNM,KOR,328
2024,VNM,NZL,12
2024,VNM,PHL,152
2024,VNM,THA,6531
2024,VUT,AUS,1048
2024,WSM,AUS,477
2024,WSM,NZL,5
