year,country_name,total_population,gender,age_range,population
2001,Pakistan,1509034,f,0-4,122591.0
2001,Pakistan,1509034,f,5-11,174858.0
2001,Pakistan,1509034,f,12-17,149878.0
2001,Pakistan,1509034,f,18-59,327785.0
2001,Pakistan,1509034,f,60+,23976.0
2001,Pakistan,1509034,m,0-4,120689.0
2001,Pakistan,1509034,m,5-11,174524.0
2001,Pakistan,1509034,m,12-17,149590.0
2001,Pakistan,1509034,m,18-59,236912.0
2001,Pakistan,1509034,m,60+,28231.0
2001,Iran,1482000,f,0-4,68918.0
2001,Iran,1482000,f,5-11,127037.0
2001,Iran,1482000,f,12-17,108889.0
2001,Iran,1482000,f,18-59,248624.0
2001,Iran,1482000,f,60+,16065.0
2001,Iran,1482000,m,0-4,73877.0
2001,Iran,1482000,m,5-11,145845.0
2001,Iran,1482000,m,12-17,125010.0
2001,Iran,1482000,m,18-59,539272.0
2001,Iran,1482000,m,60+,28463.0
2001,India,11972,f,0-4,0.0
2001,India,11972,f,5-11,0.0
2001,India,11972,f,12-17,0.0
2001,India,11972,f,18-59,0.0
2001,India,11972,f,60+,0.0
2001,India,11972,m,0-4,0.0
2001,India,11972,m,5-11,0.0
2001,India,11972,m,12-17,0.0
2001,India,11972,m,18-59,0.0
2001,India,11972,m,60+,0.0
2001,India,11972,f,0-4,185.0
2001,India,11972,f,5-11,1198.0
2001,India,11972,f,12-17,1027.0
2001,India,11972,f,18-59,3469.0
2001,India,11972,f,60+,318.0
2001,India,11972,m,0-4,248.0
2001,India,11972,m,5-11,1241.0
2001,India,11972,m,12-17,1063.0
2001,India,11972,m,18-59,2881.0
2001,India,11972,m,60+,342.0
2001,Tajikistan,4397,f,0-4,0.0
2001,Tajikistan,4397,f,5-11,0.0
2001,Tajikistan,4397,f,12-17,0.0
2001,Tajikistan,4397,f,18-59,0.0
2001,Tajikistan,4397,f,60+,0.0
2001,Tajikistan,4397,m,0-4,0.0
2001,Tajikistan,4397,m,5-11,0.0
2001,Tajikistan,4397,m,12-17,0.0
2001,Tajikistan,4397,m,18-59,0.0
2001,Tajikistan,4397,m,60+,0.0
2001,Tajikistan,4397,f,0-4,188.0
2001,Tajikistan,4397,f,5-11,385.0
2001,Tajikistan,4397,f,12-17,329.0
2001,Tajikistan,4397,f,18-59,607.0
2001,Tajikistan,4397,f,60+,90.0
2001,Tajikistan,4397,m,0-4,363.0
2001,Tajikistan,4397,m,5-11,593.0
2001,Tajikistan,4397,m,12-17,508.0
2001,Tajikistan,4397,m,18-59,1095.0
2001,Tajikistan,4397,m,60+,239.0
2001,Uzbekistan,3885,f,0-4,47.0
2001,Uzbekistan,3885,f,5-11,125.0
2001,Uzbekistan,3885,f,12-17,107.0
2001,Uzbekistan,3885,f,18-59,248.0
2001,Uzbekistan,3885,f,60+,12.0
2001,Uzbekistan,3885,m,0-4,47.0
2001,Uzbekistan,3885,m,5-11,132.0
2001,Uzbekistan,3885,m,12-17,114.0
2001,Uzbekistan,3885,m,18-59,469.0
2001,Uzbekistan,3885,m,60+,15.0
2001,Uzbekistan,3885,f,0-4,79.0
2001,Uzbekistan,3885,f,5-11,292.0
2001,Uzbekistan,3885,f,12-17,252.0
2001,Uzbekistan,3885,f,18-59,580.0
2001,Uzbekistan,3885,f,60+,16.0
2001,Uzbekistan,3885,m,0-4,93.0
2001,Uzbekistan,3885,m,5-11,314.0
2001,Uzbekistan,3885,m,12-17,270.0
2001,Uzbekistan,3885,m,18-59,645.0
2001,Uzbekistan,3885,m,60+,28.0
2002,Pakistan,1226569,f,0-4,100629.0
2002,Pakistan,1226569,f,5-11,143189.0
2002,Pakistan,1226569,f,12-17,122734.0
2002,Pakistan,1226569,f,18-59,263478.0
2002,Pakistan,1226569,f,60+,19486.0
2002,Pakistan,1226569,m,0-4,98099.0
2002,Pakistan,1226569,m,5-11,141385.0
2002,Pakistan,1226569,m,12-17,121188.0
2002,Pakistan,1226569,m,18-59,193438.0
2002,Pakistan,1226569,m,60+,22943.0
2002,India,11371,f,0-4,0.0
2002,India,11371,f,5-11,0.0
2002,India,11371,f,12-17,0.0
2002,India,11371,f,18-59,0.0
2002,India,11371,f,60+,0.0
2002,India,11371,m,0-4,0.0
2002,India,11371,m,5-11,0.0
2002,India,11371,m,12-17,0.0
2002,India,11371,m,18-59,0.0
2002,India,11371,m,60+,0.0
2002,India,11371,f,0-4,193.0
2002,India,11371,f,5-11,1087.0
2002,India,11371,f,12-17,931.0
2002,India,11371,f,18-59,3415.0
2002,India,11371,f,60+,321.0
2002,India,11371,m,0-4,226.0
2002,India,11371,m,5-11,1131.0
2002,India,11371,m,12-17,970.0
2002,India,11371,m,18-59,2747.0
2002,India,11371,m,60+,350.0
2002,Uzbekistan,3671,f,0-4,44.0
2002,Uzbekistan,3671,f,5-11,121.0
2002,Uzbekistan,3671,f,12-17,103.0
2002,Uzbekistan,3671,f,18-59,186.0
2002,Uzbekistan,3671,f,60+,31.0
2002,Uzbekistan,3671,m,0-4,43.0
2002,Uzbekistan,3671,m,5-11,94.0
2002,Uzbekistan,3671,m,12-17,81.0
2002,Uzbekistan,3671,m,18-59,326.0
2002,Uzbekistan,3671,m,60+,31.0
2002,Uzbekistan,3671,f,0-4,61.0
2002,Uzbekistan,3671,f,5-11,273.0
2002,Uzbekistan,3671,f,12-17,233.0
2002,Uzbekistan,3671,f,18-59,635.0
2002,Uzbekistan,3671,f,60+,16.0
2002,Uzbekistan,3671,m,0-4,72.0
2002,Uzbekistan,3671,m,5-11,305.0
2002,Uzbekistan,3671,m,12-17,263.0
2002,Uzbekistan,3671,m,18-59,725.0
2002,Uzbekistan,3671,m,60+,28.0
2002,Ukraine,1572,f,0-4,40.0
2002,Ukraine,1572,f,5-11,100.0
2002,Ukraine,1572,f,12-17,86.0
2002,Ukraine,1572,f,18-59,187.0
2002,Ukraine,1572,f,60+,20.0
2002,Ukraine,1572,m,0-4,36.0
2002,Ukraine,1572,m,5-11,124.0
2002,Ukraine,1572,m,12-17,106.0
2002,Ukraine,1572,m,18-59,852.0
2002,Ukraine,1572,m,60+,21.0
2002,Turkmenistan,1263,f,0-4,47.0
2002,Turkmenistan,1263,f,5-11,108.0
2002,Turkmenistan,1263,f,12-17,96.0
2002,Turkmenistan,1263,f,18-59,290.0
2002,Turkmenistan,1263,f,60+,15.0
2002,Turkmenistan,1263,m,0-4,84.0
2002,Turkmenistan,1263,m,5-11,125.0
2002,Turkmenistan,1263,m,12-17,109.0
2002,Turkmenistan,1263,m,18-59,341.0
2002,Turkmenistan,1263,m,60+,48.0
2003,Pakistan,1123647,f,0-4,0.0
2003,Pakistan,1123647,f,5-11,0.0
2003,Pakistan,1123647,f,12-17,0.0
2003,Pakistan,1123647,f,18-59,0.0
2003,Pakistan,1123647,f,60+,0.0
2003,Pakistan,1123647,m,0-4,0.0
2003,Pakistan,1123647,m,5-11,0.0
2003,Pakistan,1123647,m,12-17,0.0
2003,Pakistan,1123647,m,18-59,0.0
2003,Pakistan,1123647,m,60+,0.0
2003,Pakistan,1123647,f,0-4,92591.0
2003,Pakistan,1123647,f,5-11,129841.0
2003,Pakistan,1123647,f,12-17,111294.0
2003,Pakistan,1123647,f,18-59,238886.0
2003,Pakistan,1123647,f,60+,22472.0
2003,Pakistan,1123647,m,0-4,89893.0
2003,Pakistan,1123647,m,5-11,127058.0
2003,Pakistan,1123647,m,12-17,108908.0
2003,Pakistan,1123647,m,18-59,180455.0
2003,Pakistan,1123647,m,60+,22249.0
2003,Iran,829261,f,0-4,33170.0
2003,Iran,829261,f,5-11,32142.0
2003,Iran,829261,f,12-17,100541.0
2003,Iran,829261,f,18-59,140975.0
2003,Iran,829261,f,60+,8293.0
2003,Iran,829261,m,0-4,41464.0
2003,Iran,829261,m,5-11,36369.0
2003,Iran,829261,m,12-17,112898.0
2003,Iran,829261,m,18-59,306824.0
2003,Iran,829261,m,60+,16585.0
2003,India,10283,f,0-4,0.0
2003,India,10283,f,5-11,0.0
2003,India,10283,f,12-17,0.0
2003,India,10283,f,18-59,0.0
2003,India,10283,f,60+,0.0
2003,India,10283,m,0-4,0.0
2003,India,10283,m,5-11,0.0
2003,India,10283,m,12-17,0.0
2003,India,10283,m,18-59,0.0
2003,India,10283,m,60+,0.0
2003,India,10283,f,0-4,162.0
2003,India,10283,f,5-11,928.0
2003,India,10283,f,12-17,795.0
2003,India,10283,f,18-59,3274.0
2003,India,10283,f,60+,324.0
2003,India,10283,m,0-4,181.0
2003,India,10283,m,5-11,974.0
2003,India,10283,m,12-17,834.0
2003,India,10283,m,18-59,2490.0
2003,India,10283,m,60+,321.0
2003,Uzbekistan,3369,f,0-4,52.0
2003,Uzbekistan,3369,f,5-11,86.0
2003,Uzbekistan,3369,f,12-17,70.0
2003,Uzbekistan,3369,f,18-59,162.0
2003,Uzbekistan,3369,f,60+,36.0
2003,Uzbekistan,3369,m,0-4,41.0
2003,Uzbekistan,3369,m,5-11,77.0
2003,Uzbekistan,3369,m,12-17,66.0
2003,Uzbekistan,3369,m,18-59,304.0
2003,Uzbekistan,3369,m,60+,34.0
2003,Uzbekistan,3369,f,0-4,69.0
2003,Uzbekistan,3369,f,5-11,256.0
2003,Uzbekistan,3369,f,12-17,220.0
2003,Uzbekistan,3369,f,18-59,572.0
2003,Uzbekistan,3369,f,60+,22.0
2003,Uzbekistan,3369,m,0-4,89.0
2003,Uzbekistan,3369,m,5-11,279.0
2003,Uzbekistan,3369,m,12-17,238.0
2003,Uzbekistan,3369,m,18-59,670.0
2003,Uzbekistan,3369,m,60+,26.0
2003,Ukraine,1642,f,0-4,0.0
2003,Ukraine,1642,f,5-11,0.0
2003,Ukraine,1642,f,12-17,5.0
2003,Ukraine,1642,f,18-59,13.0
2003,Ukraine,1642,f,60+,0.0
2003,Ukraine,1642,m,0-4,0.0
2003,Ukraine,1642,m,5-11,6.0
2003,Ukraine,1642,m,12-17,7.0
2003,Ukraine,1642,m,18-59,101.0
2003,Ukraine,1642,m,60+,0.0
2003,Ukraine,1642,f,0-4,38.0
2003,Ukraine,1642,f,5-11,97.0
2003,Ukraine,1642,f,12-17,84.0
2003,Ukraine,1642,f,18-59,190.0
2003,Ukraine,1642,f,60+,17.0
2003,Ukraine,1642,m,0-4,31.0
2003,Ukraine,1642,m,5-11,121.0
2003,Ukraine,1642,m,12-17,103.0
2003,Ukraine,1642,m,18-59,814.0
2003,Ukraine,1642,m,60+,15.0
2004,Pakistan,960041,f,0-4,0.0
2004,Pakistan,960041,f,5-11,0.0
2004,Pakistan,960041,f,12-17,0.0
2004,Pakistan,960041,f,18-59,0.0
2004,Pakistan,960041,f,60+,0.0
2004,Pakistan,960041,m,0-4,0.0
2004,Pakistan,960041,m,5-11,0.0
2004,Pakistan,960041,m,12-17,0.0
2004,Pakistan,960041,m,18-59,0.0
2004,Pakistan,960041,m,60+,0.0
2004,Pakistan,960041,f,0-4,78774.0
2004,Pakistan,960041,f,5-11,111502.0
2004,Pakistan,960041,f,12-17,95574.0
2004,Pakistan,960041,f,18-59,202345.0
2004,Pakistan,960041,f,60+,20280.0
2004,Pakistan,960041,m,0-4,76652.0
2004,Pakistan,960041,m,5-11,109350.0
2004,Pakistan,960041,m,12-17,93729.0
2004,Pakistan,960041,m,18-59,154047.0
2004,Pakistan,960041,m,60+,17788.0
2004,Iran,952826,f,0-4,0.0
2004,Iran,952826,f,5-11,0.0
2004,Iran,952826,f,12-17,0.0
2004,Iran,952826,f,18-59,6.0
2004,Iran,952826,f,60+,0.0
2004,Iran,952826,m,0-4,0.0
2004,Iran,952826,m,5-11,0.0
2004,Iran,952826,m,12-17,0.0
2004,Iran,952826,m,18-59,18.0
2004,Iran,952826,m,60+,0.0
2004,Iran,952826,f,0-4,31495.0
2004,Iran,952826,f,5-11,44526.0
2004,Iran,952826,f,12-17,139274.0
2004,Iran,952826,f,18-59,194180.0
2004,Iran,952826,f,60+,11426.0
2004,Iran,952826,m,0-4,33853.0
2004,Iran,952826,m,5-11,49405.0
2004,Iran,952826,m,12-17,153362.0
2004,Iran,952826,m,18-59,275828.0
2004,Iran,952826,m,60+,19453.0
2004,India,9761,f,0-4,0.0
2004,India,9761,f,5-11,0.0
2004,India,9761,f,12-17,0.0
2004,India,9761,f,18-59,0.0
2004,India,9761,f,60+,0.0
2004,India,9761,m,0-4,0.0
2004,India,9761,m,5-11,0.0
2004,India,9761,m,12-17,0.0
2004,India,9761,m,18-59,0.0
2004,India,9761,m,60+,0.0
2004,India,9761,f,0-4,148.0
2004,India,9761,f,5-11,808.0
2004,India,9761,f,12-17,693.0
2004,India,9761,f,18-59,3287.0
2004,India,9761,f,60+,321.0
2004,India,9761,m,0-4,187.0
2004,India,9761,m,5-11,876.0
2004,India,9761,m,12-17,750.0
2004,India,9761,m,18-59,2381.0
2004,India,9761,m,60+,310.0
2004,Uzbekistan,2732,f,0-4,18.0
2004,Uzbekistan,2732,f,5-11,35.0
2004,Uzbekistan,2732,f,12-17,30.0
2004,Uzbekistan,2732,f,18-59,119.0
2004,Uzbekistan,2732,f,60+,6.0
2004,Uzbekistan,2732,m,0-4,12.0
2004,Uzbekistan,2732,m,5-11,34.0
2004,Uzbekistan,2732,m,12-17,24.0
2004,Uzbekistan,2732,m,18-59,142.0
2004,Uzbekistan,2732,m,60+,6.0
2004,Uzbekistan,2732,f,0-4,57.0
2004,Uzbekistan,2732,f,5-11,226.0
2004,Uzbekistan,2732,f,12-17,196.0
2004,Uzbekistan,2732,f,18-59,570.0
2004,Uzbekistan,2732,f,60+,29.0
2004,Uzbekistan,2732,m,0-4,75.0
2004,Uzbekistan,2732,m,5-11,243.0
2004,Uzbekistan,2732,m,12-17,209.0
2004,Uzbekistan,2732,m,18-59,672.0
2004,Uzbekistan,2732,m,60+,29.0
2004,Ukraine,1290,f,0-4,0.0
2004,Ukraine,1290,f,5-11,0.0
2004,Ukraine,1290,f,12-17,0.0
2004,Ukraine,1290,f,18-59,0.0
2004,Ukraine,1290,f,60+,0.0
2004,Ukraine,1290,m,0-4,0.0
2004,Ukraine,1290,m,5-11,0.0
2004,Ukraine,1290,m,12-17,0.0
2004,Ukraine,1290,m,18-59,0.0
2004,Ukraine,1290,m,60+,0.0
2004,Ukraine,1290,f,0-4,27.0
2004,Ukraine,1290,f,5-11,75.0
2004,Ukraine,1290,f,12-17,65.0
2004,Ukraine,1290,f,18-59,193.0
2004,Ukraine,1290,f,60+,17.0
2004,Ukraine,1290,m,0-4,21.0
2004,Ukraine,1290,m,5-11,87.0
2004,Ukraine,1290,m,12-17,75.0
2004,Ukraine,1290,m,18-59,712.0
2004,Ukraine,1290,m,60+,18.0
2005,Iran,920304,f,0-4,0.0
2005,Iran,920304,f,5-11,5.0
2005,Iran,920304,f,12-17,15.0
2005,Iran,920304,f,18-59,12.0
2005,Iran,920304,f,60+,0.0
2005,Iran,920304,m,0-4,6.0
2005,Iran,920304,m,5-11,0.0
2005,Iran,920304,m,12-17,0.0
2005,Iran,920304,m,18-59,18.0
2005,Iran,920304,m,60+,0.0
2005,Iran,920304,f,0-4,18932.0
2005,Iran,920304,f,5-11,44332.0
2005,Iran,920304,f,12-17,138662.0
2005,Iran,920304,f,18-59,192197.0
2005,Iran,920304,f,60+,9204.0
2005,Iran,920304,m,0-4,19196.0
2005,Iran,920304,m,5-11,49071.0
2005,Iran,920304,m,12-17,152329.0
2005,Iran,920304,m,18-59,277920.0
2005,Iran,920304,m,60+,18405.0
2005,India,9720,f,0-4,0.0
2005,India,9720,f,5-11,0.0
2005,India,9720,f,12-17,5.0
2005,India,9720,f,18-59,5.0
2005,India,9720,f,60+,0.0
2005,India,9720,m,0-4,0.0
2005,India,9720,m,5-11,5.0
2005,India,9720,m,12-17,0.0
2005,India,9720,m,18-59,5.0
2005,India,9720,m,60+,0.0
2005,India,9720,f,0-4,162.0
2005,India,9720,f,5-11,739.0
2005,India,9720,f,12-17,633.0
2005,India,9720,f,18-59,3416.0
2005,India,9720,f,60+,315.0
2005,India,9720,m,0-4,186.0
2005,India,9720,m,5-11,825.0
2005,India,9720,m,12-17,708.0
2005,India,9720,m,18-59,2416.0
2005,India,9720,m,60+,300.0
2005,Uzbekistan,2339,f,0-4,20.0
2005,Uzbekistan,2339,f,5-11,43.0
2005,Uzbekistan,2339,f,12-17,37.0
2005,Uzbekistan,2339,f,18-59,128.0
2005,Uzbekistan,2339,f,60+,7.0
2005,Uzbekistan,2339,m,0-4,15.0
2005,Uzbekistan,2339,m,5-11,41.0
2005,Uzbekistan,2339,m,12-17,34.0
2005,Uzbekistan,2339,m,18-59,194.0
2005,Uzbekistan,2339,m,60+,15.0
2005,Uzbekistan,2339,f,0-4,31.0
2005,Uzbekistan,2339,f,5-11,180.0
2005,Uzbekistan,2339,f,12-17,156.0
2005,Uzbekistan,2339,f,18-59,479.0
2005,Uzbekistan,2339,f,60+,20.0
2005,Uzbekistan,2339,m,0-4,53.0
2005,Uzbekistan,2339,m,5-11,184.0
2005,Uzbekistan,2339,m,12-17,159.0
2005,Uzbekistan,2339,m,18-59,516.0
2005,Uzbekistan,2339,m,60+,27.0
2005,Ukraine,1424,f,0-4,5.0
2005,Ukraine,1424,f,5-11,6.0
2005,Ukraine,1424,f,12-17,5.0
2005,Ukraine,1424,f,18-59,23.0
2005,Ukraine,1424,f,60+,0.0
2005,Ukraine,1424,m,0-4,0.0
2005,Ukraine,1424,m,5-11,11.0
2005,Ukraine,1424,m,12-17,9.0
2005,Ukraine,1424,m,18-59,152.0
2005,Ukraine,1424,m,60+,0.0
2005,Ukraine,1424,f,0-4,14.0
2005,Ukraine,1424,f,5-11,75.0
2005,Ukraine,1424,f,12-17,64.0
2005,Ukraine,1424,f,18-59,198.0
2005,Ukraine,1424,f,60+,20.0
2005,Ukraine,1424,m,0-4,12.0
2005,Ukraine,1424,m,5-11,77.0
2005,Ukraine,1424,m,12-17,66.0
2005,Ukraine,1424,m,18-59,667.0
2005,Ukraine,1424,m,60+,20.0
2005,Kazakhstan,760,f,0-4,77.0
2005,Kazakhstan,760,f,5-11,43.0
2005,Kazakhstan,760,f,12-17,37.0
2005,Kazakhstan,760,f,18-59,156.0
2005,Kazakhstan,760,f,60+,15.0
2005,Kazakhstan,760,m,0-4,93.0
2005,Kazakhstan,760,m,5-11,50.0
2005,Kazakhstan,760,m,12-17,43.0
2005,Kazakhstan,760,m,18-59,241.0
2005,Kazakhstan,760,m,60+,5.0
2006,Iran,914786,f,0-4,24.0
2006,Iran,914786,f,5-11,58.0
2006,Iran,914786,f,12-17,49.0
2006,Iran,914786,f,18-59,123.0
2006,Iran,914786,f,60+,0.0
2006,Iran,914786,m,0-4,36.0
2006,Iran,914786,m,5-11,61.0
2006,Iran,914786,m,12-17,48.0
2006,Iran,914786,m,18-59,122.0
2006,Iran,914786,m,60+,5.0
2006,Iran,914786,f,0-4,32349.0
2006,Iran,914786,f,5-11,111685.0
2006,Iran,914786,f,12-17,8060.0
2006,Iran,914786,f,18-59,202036.0
2006,Iran,914786,f,60+,11888.0
2006,Iran,914786,m,0-4,34535.0
2006,Iran,914786,m,5-11,121070.0
2006,Iran,914786,m,12-17,89819.0
2006,Iran,914786,m,18-59,282660.0
2006,Iran,914786,m,60+,20158.0
2006,India,9609,f,0-4,5.0
2006,India,9609,f,5-11,10.0
2006,India,9609,f,12-17,8.0
2006,India,9609,f,18-59,40.0
2006,India,9609,f,60+,0.0
2006,India,9609,m,0-4,9.0
2006,India,9609,m,5-11,9.0
2006,India,9609,m,12-17,14.0
2006,India,9609,m,18-59,42.0
2006,India,9609,m,60+,0.0
2006,India,9609,f,0-4,199.0
2006,India,9609,f,5-11,408.0
2006,India,9609,f,12-17,927.0
2006,India,9609,f,18-59,3338.0
2006,India,9609,f,60+,300.0
2006,India,9609,m,0-4,220.0
2006,India,9609,m,5-11,524.0
2006,India,9609,m,12-17,948.0
2006,India,9609,m,18-59,2333.0
2006,India,9609,m,60+,275.0
2006,Pakistan,2091,f,0-4,135.0
2006,Pakistan,2091,f,5-11,270.0
2006,Pakistan,2091,f,12-17,144.0
2006,Pakistan,2091,f,18-59,414.0
2006,Pakistan,2091,f,60+,20.0
2006,Pakistan,2091,m,0-4,137.0
2006,Pakistan,2091,m,5-11,293.0
2006,Pakistan,2091,m,12-17,170.0
2006,Pakistan,2091,m,18-59,466.0
2006,Pakistan,2091,m,60+,42.0
2006,Pakistan,2091,f,0-4,0.0
2006,Pakistan,2091,f,5-11,0.0
2006,Pakistan,2091,f,12-17,0.0
2006,Pakistan,2091,f,18-59,0.0
2006,Pakistan,2091,f,60+,0.0
2006,Pakistan,2091,m,0-4,0.0
2006,Pakistan,2091,m,5-11,0.0
2006,Pakistan,2091,m,12-17,0.0
2006,Pakistan,2091,m,18-59,0.0
2006,Pakistan,2091,m,60+,0.0
2006,Turkmenistan,710,f,0-4,36.0
2006,Turkmenistan,710,f,5-11,74.0
2006,Turkmenistan,710,f,12-17,61.0
2006,Turkmenistan,710,f,18-59,159.0
2006,Turkmenistan,710,f,60+,16.0
2006,Turkmenistan,710,m,0-4,35.0
2006,Turkmenistan,710,m,5-11,63.0
2006,Turkmenistan,710,m,12-17,59.0
2006,Turkmenistan,710,m,18-59,188.0
2006,Turkmenistan,710,m,60+,19.0
2006,Syrian Arab Republic,654,f,0-4,12.0
2006,Syrian Arab Republic,654,f,5-11,27.0
2006,Syrian Arab Republic,654,f,12-17,31.0
2006,Syrian Arab Republic,654,f,18-59,66.0
2006,Syrian Arab Republic,654,f,60+,0.0
2006,Syrian Arab Republic,654,m,0-4,16.0
2006,Syrian Arab Republic,654,m,5-11,44.0
2006,Syrian Arab Republic,654,m,12-17,42.0
2006,Syrian Arab Republic,654,m,18-59,112.0
2006,Syrian Arab Republic,654,m,60+,5.0
2006,Syrian Arab Republic,654,f,0-4,14.0
2006,Syrian Arab Republic,654,f,5-11,26.0
2006,Syrian Arab Republic,654,f,12-17,28.0
2006,Syrian Arab Republic,654,f,18-59,71.0
2006,Syrian Arab Republic,654,f,60+,8.0
2006,Syrian Arab Republic,654,m,0-4,11.0
2006,Syrian Arab Republic,654,m,5-11,32.0
2006,Syrian Arab Republic,654,m,12-17,22.0
2006,Syrian Arab Republic,654,m,18-59,71.0
2006,Syrian Arab Republic,654,m,60+,16.0
2007,Pakistan,886666,f,0-4,0.0
2007,Pakistan,886666,f,5-11,0.0
2007,Pakistan,886666,f,12-17,0.0
2007,Pakistan,886666,f,18-59,0.0
2007,Pakistan,886666,f,60+,0.0
2007,Pakistan,886666,m,0-4,0.0
2007,Pakistan,886666,m,5-11,0.0
2007,Pakistan,886666,m,12-17,0.0
2007,Pakistan,886666,m,18-59,0.0
2007,Pakistan,886666,m,60+,0.0
2007,Pakistan,886666,f,0-4,39470.0
2007,Pakistan,886666,f,5-11,110048.0
2007,Pakistan,886666,f,12-17,65010.0
2007,Pakistan,886666,f,18-59,184393.0
2007,Pakistan,886666,f,60+,10725.0
2007,Pakistan,886666,m,0-4,41540.0
2007,Pakistan,886666,m,5-11,117812.0
2007,Pakistan,886666,m,12-17,78713.0
2007,Pakistan,886666,m,18-59,217420.0
2007,Pakistan,886666,m,60+,21535.0
2007,India,9701,f,0-4,47.0
2007,India,9701,f,5-11,63.0
2007,India,9701,f,12-17,41.0
2007,India,9701,f,18-59,144.0
2007,India,9701,f,60+,15.0
2007,India,9701,m,0-4,44.0
2007,India,9701,m,5-11,65.0
2007,India,9701,m,12-17,55.0
2007,India,9701,m,18-59,199.0
2007,India,9701,m,60+,17.0
2007,India,9701,f,0-4,212.0
2007,India,9701,f,5-11,389.0
2007,India,9701,f,12-17,845.0
2007,India,9701,f,18-59,3183.0
2007,India,9701,f,60+,304.0
2007,India,9701,m,0-4,228.0
2007,India,9701,m,5-11,517.0
2007,India,9701,m,12-17,854.0
2007,India,9701,m,18-59,2221.0
2007,India,9701,m,60+,258.0
2007,Switzerland,1021,f,0-4,9.0
2007,Switzerland,1021,f,5-11,12.0
2007,Switzerland,1021,f,12-17,5.0
2007,Switzerland,1021,f,18-59,28.0
2007,Switzerland,1021,f,60+,0.0
2007,Switzerland,1021,m,0-4,13.0
2007,Switzerland,1021,m,5-11,13.0
2007,Switzerland,1021,m,12-17,22.0
2007,Switzerland,1021,m,18-59,149.0
2007,Switzerland,1021,m,60+,0.0
2007,Switzerland,1021,f,0-4,31.0
2007,Switzerland,1021,f,5-11,59.0
2007,Switzerland,1021,f,12-17,46.0
2007,Switzerland,1021,f,18-59,141.0
2007,Switzerland,1021,f,60+,23.0
2007,Switzerland,1021,m,0-4,21.0
2007,Switzerland,1021,m,5-11,55.0
2007,Switzerland,1021,m,12-17,56.0
2007,Switzerland,1021,m,18-59,322.0
2007,Switzerland,1021,m,60+,16.0
2007,Türkiye,913,f,0-4,22.0
2007,Türkiye,913,f,5-11,53.0
2007,Türkiye,913,f,12-17,55.0
2007,Türkiye,913,f,18-59,149.0
2007,Türkiye,913,f,60+,0.0
2007,Türkiye,913,m,0-4,30.0
2007,Türkiye,913,m,5-11,62.0
2007,Türkiye,913,m,12-17,84.0
2007,Türkiye,913,m,18-59,246.0
2007,Türkiye,913,m,60+,0.0
2007,Türkiye,913,f,0-4,0.0
2007,Türkiye,913,f,5-11,16.0
2007,Türkiye,913,f,12-17,37.0
2007,Türkiye,913,f,18-59,40.0
2007,Türkiye,913,f,60+,0.0
2007,Türkiye,913,m,0-4,5.0
2007,Türkiye,913,m,5-11,12.0
2007,Türkiye,913,m,12-17,49.0
2007,Türkiye,913,m,18-59,53.0
2007,Türkiye,913,m,60+,0.0
2007,Syrian Arab Republic,689,f,0-4,11.0
2007,Syrian Arab Republic,689,f,5-11,27.0
2007,Syrian Arab Republic,689,f,12-17,47.0
2007,Syrian Arab Republic,689,f,18-59,100.0
2007,Syrian Arab Republic,689,f,60+,0.0
2007,Syrian Arab Republic,689,m,0-4,20.0
2007,Syrian Arab Republic,689,m,5-11,43.0
2007,Syrian Arab Republic,689,m,12-17,58.0
2007,Syrian Arab Republic,689,m,18-59,152.0
2007,Syrian Arab Republic,689,m,60+,5.0
2007,Syrian Arab Republic,689,f,0-4,5.0
2007,Syrian Arab Republic,689,f,5-11,13.0
2007,Syrian Arab Republic,689,f,12-17,22.0
2007,Syrian Arab Republic,689,f,18-59,58.0
2007,Syrian Arab Republic,689,f,60+,8.0
2007,Syrian Arab Republic,689,m,0-4,5.0
2007,Syrian Arab Republic,689,m,5-11,16.0
2007,Syrian Arab Republic,689,m,12-17,24.0
2007,Syrian Arab Republic,689,m,18-59,62.0
2007,Syrian Arab Republic,689,m,60+,13.0
2008,Iran,937170,f,0-4,0.0
2008,Iran,937170,f,5-11,130.0
2008,Iran,937170,f,12-17,152.0
2008,Iran,937170,f,18-59,415.0
2008,Iran,937170,f,60+,24.0
2008,Iran,937170,m,0-4,0.0
2008,Iran,937170,m,5-11,138.0
2008,Iran,937170,m,12-17,169.0
2008,Iran,937170,m,18-59,508.0
2008,Iran,937170,m,60+,39.0
2008,Iran,937170,f,0-4,26.0
2008,Iran,937170,f,5-11,77229.0
2008,Iran,937170,f,12-17,90474.0
2008,Iran,937170,f,18-59,246387.0
2008,Iran,937170,f,60+,14388.0
2008,Iran,937170,m,0-4,26.0
2008,Iran,937170,m,5-11,86010.0
2008,Iran,937170,m,12-17,96634.0
2008,Iran,937170,m,18-59,301487.0
2008,Iran,937170,m,60+,22934.0
2008,Pakistan,767470,f,0-4,178.0
2008,Pakistan,767470,f,5-11,312.0
2008,Pakistan,767470,f,12-17,188.0
2008,Pakistan,767470,f,18-59,462.0
2008,Pakistan,767470,f,60+,59.0
2008,Pakistan,767470,m,0-4,181.0
2008,Pakistan,767470,m,5-11,339.0
2008,Pakistan,767470,m,12-17,217.0
2008,Pakistan,767470,m,18-59,511.0
2008,Pakistan,767470,m,60+,88.0
2008,Pakistan,767470,f,0-4,33020.0
2008,Pakistan,767470,f,5-11,96060.0
2008,Pakistan,767470,f,12-17,57501.0
2008,Pakistan,767470,f,18-59,159375.0
2008,Pakistan,767470,f,60+,9411.0
2008,Pakistan,767470,m,0-4,34631.0
2008,Pakistan,767470,m,5-11,102122.0
2008,Pakistan,767470,m,12-17,68555.0
2008,Pakistan,767470,m,18-59,185469.0
2008,Pakistan,767470,m,60+,18791.0
2008,India,10102,f,0-4,206.0
2008,India,10102,f,5-11,124.0
2008,India,10102,f,12-17,75.0
2008,India,10102,f,18-59,335.0
2008,India,10102,f,60+,13.0
2008,India,10102,m,0-4,193.0
2008,India,10102,m,5-11,126.0
2008,India,10102,m,12-17,136.0
2008,India,10102,m,18-59,438.0
2008,India,10102,m,60+,15.0
2008,India,10102,f,0-4,226.0
2008,India,10102,f,5-11,362.0
2008,India,10102,f,12-17,724.0
2008,India,10102,f,18-59,3010.0
2008,India,10102,f,60+,302.0
2008,India,10102,m,0-4,242.0
2008,India,10102,m,5-11,445.0
2008,India,10102,m,12-17,794.0
2008,India,10102,m,18-59,2078.0
2008,India,10102,m,60+,258.0
2008,Türkiye,3156,f,0-4,184.0
2008,Türkiye,3156,f,5-11,216.0
2008,Türkiye,3156,f,12-17,180.0
2008,Türkiye,3156,f,18-59,623.0
2008,Türkiye,3156,f,60+,11.0
2008,Türkiye,3156,m,0-4,197.0
2008,Türkiye,3156,m,5-11,260.0
2008,Türkiye,3156,m,12-17,336.0
2008,Türkiye,3156,m,18-59,787.0
2008,Türkiye,3156,m,60+,15.0
2008,Türkiye,3156,f,0-4,5.0
2008,Türkiye,3156,f,5-11,39.0
2008,Türkiye,3156,f,12-17,43.0
2008,Türkiye,3156,f,18-59,66.0
2008,Türkiye,3156,f,60+,0.0
2008,Türkiye,3156,m,0-4,10.0
2008,Türkiye,3156,m,5-11,26.0
2008,Türkiye,3156,m,12-17,51.0
2008,Türkiye,3156,m,18-59,107.0
2008,Türkiye,3156,m,60+,0.0
2008,Kuwait,1795,f,0-4,0.0
2008,Kuwait,1795,f,5-11,0.0
2008,Kuwait,1795,f,12-17,8.0
2008,Kuwait,1795,f,18-59,14.0
2008,Kuwait,1795,f,60+,0.0
2008,Kuwait,1795,m,0-4,0.0
2008,Kuwait,1795,m,5-11,6.0
2008,Kuwait,1795,m,12-17,17.0
2008,Kuwait,1795,m,18-59,1750.0
2008,Kuwait,1795,m,60+,0.0
2009,Iran,1024212,f,0-4,0.0
2009,Iran,1024212,f,5-11,138.0
2009,Iran,1024212,f,12-17,167.0
2009,Iran,1024212,f,18-59,453.0
2009,Iran,1024212,f,60+,28.0
2009,Iran,1024212,m,0-4,0.0
2009,Iran,1024212,m,5-11,147.0
2009,Iran,1024212,m,12-17,185.0
2009,Iran,1024212,m,18-59,558.0
2009,Iran,1024212,m,60+,42.0
2009,Iran,1024212,f,0-4,20.0
2009,Iran,1024212,f,5-11,82928.0
2009,Iran,1024212,f,12-17,100414.0
2009,Iran,1024212,f,18-59,269263.0
2009,Iran,1024212,f,60+,15718.0
2009,Iran,1024212,m,0-4,20.0
2009,Iran,1024212,m,5-11,88548.0
2009,Iran,1024212,m,12-17,111047.0
2009,Iran,1024212,m,18-59,329475.0
2009,Iran,1024212,m,60+,25061.0
2009,Pakistan,760805,f,0-4,68.0
2009,Pakistan,760805,f,5-11,211.0
2009,Pakistan,760805,f,12-17,247.0
2009,Pakistan,760805,f,18-59,601.0
2009,Pakistan,760805,f,60+,40.0
2009,Pakistan,760805,m,0-4,84.0
2009,Pakistan,760805,m,5-11,211.0
2009,Pakistan,760805,m,12-17,230.0
2009,Pakistan,760805,m,18-59,464.0
2009,Pakistan,760805,m,60+,33.0
2009,Pakistan,760805,f,0-4,22251.0
2009,Pakistan,760805,f,5-11,99856.0
2009,Pakistan,760805,f,12-17,56422.0
2009,Pakistan,760805,f,18-59,163878.0
2009,Pakistan,760805,f,60+,9456.0
2009,Pakistan,760805,m,0-4,23687.0
2009,Pakistan,760805,m,5-11,105475.0
2009,Pakistan,760805,m,12-17,66314.0
2009,Pakistan,760805,m,18-59,192329.0
2009,Pakistan,760805,m,60+,18948.0
2009,Germany,34211,f,0-4,158.0
2009,Germany,34211,f,5-11,217.0
2009,Germany,34211,f,12-17,216.0
2009,Germany,34211,f,18-59,700.0
2009,Germany,34211,f,60+,67.0
2009,Germany,34211,m,0-4,159.0
2009,Germany,34211,m,5-11,232.0
2009,Germany,34211,m,12-17,624.0
2009,Germany,34211,m,18-59,1469.0
2009,Germany,34211,m,60+,49.0
2009,Germany,34211,f,0-4,0.0
2009,Germany,34211,f,5-11,0.0
2009,Germany,34211,f,12-17,0.0
2009,Germany,34211,f,18-59,0.0
2009,Germany,34211,f,60+,0.0
2009,Germany,34211,m,0-4,0.0
2009,Germany,34211,m,5-11,0.0
2009,Germany,34211,m,12-17,0.0
2009,Germany,34211,m,18-59,0.0
2009,Germany,34211,m,60+,0.0
2009,Germany,34211,f,0-4,277.0
2009,Germany,34211,f,5-11,1253.0
2009,Germany,34211,f,12-17,1831.0
2009,Germany,34211,f,18-59,8511.0
2009,Germany,34211,f,60+,2237.0
2009,Germany,34211,m,0-4,282.0
2009,Germany,34211,m,5-11,1333.0
2009,Germany,34211,m,12-17,2138.0
2009,Germany,34211,m,18-59,10907.0
2009,Germany,34211,m,60+,1551.0
2009,India,9863,f,0-4,70.0
2009,India,9863,f,5-11,113.0
2009,India,9863,f,12-17,109.0
2009,India,9863,f,18-59,336.0
2009,India,9863,f,60+,18.0
2009,India,9863,m,0-4,83.0
2009,India,9863,m,5-11,125.0
2009,India,9863,m,12-17,126.0
2009,India,9863,m,18-59,335.0
2009,India,9863,m,60+,20.0
2009,India,9863,f,0-4,236.0
2009,India,9863,f,5-11,388.0
2009,India,9863,f,12-17,635.0
2009,India,9863,f,18-59,3047.0
2009,India,9863,f,60+,307.0
2009,India,9863,m,0-4,255.0
2009,India,9863,m,5-11,457.0
2009,India,9863,m,12-17,758.0
2009,India,9863,m,18-59,2180.0
2009,India,9863,m,60+,265.0
2009,Türkiye,2936,f,0-4,75.0
2009,Türkiye,2936,f,5-11,152.0
2009,Türkiye,2936,f,12-17,112.0
2009,Türkiye,2936,f,18-59,424.0
2009,Türkiye,2936,f,60+,0.0
2009,Türkiye,2936,m,0-4,73.0
2009,Türkiye,2936,m,5-11,152.0
2009,Türkiye,2936,m,12-17,196.0
2009,Türkiye,2936,m,18-59,695.0
2009,Türkiye,2936,m,60+,17.0
2009,Türkiye,2936,f,0-4,47.0
2009,Türkiye,2936,f,5-11,65.0
2009,Türkiye,2936,f,12-17,99.0
2009,Türkiye,2936,f,18-59,263.0
2009,Türkiye,2936,f,60+,7.0
2009,Türkiye,2936,m,0-4,36.0
2009,Türkiye,2936,m,5-11,76.0
2009,Türkiye,2936,m,12-17,122.0
2009,Türkiye,2936,m,18-59,319.0
2009,Türkiye,2936,m,60+,6.0
2010,Pakistan,1901788,f,0-4,64.0
2010,Pakistan,1901788,f,5-11,179.0
2010,Pakistan,1901788,f,12-17,211.0
2010,Pakistan,1901788,f,18-59,556.0
2010,Pakistan,1901788,f,60+,26.0
2010,Pakistan,1901788,m,0-4,83.0
2010,Pakistan,1901788,m,5-11,218.0
2010,Pakistan,1901788,m,12-17,212.0
2010,Pakistan,1901788,m,18-59,373.0
2010,Pakistan,1901788,m,60+,24.0
2010,Pakistan,1901788,f,0-4,121141.0
2010,Pakistan,1901788,f,5-11,215640.0
2010,Pakistan,1901788,f,12-17,136563.0
2010,Pakistan,1901788,f,18-59,387758.0
2010,Pakistan,1901788,f,60+,22770.0
2010,Pakistan,1901788,m,0-4,127760.0
2010,Pakistan,1901788,m,5-11,226483.0
2010,Pakistan,1901788,m,12-17,159785.0
2010,Pakistan,1901788,m,18-59,457242.0
2010,Pakistan,1901788,m,60+,44700.0
2010,Afghanistan,838250,f,0-4,28418.0
2010,Afghanistan,838250,f,5-11,126095.0
2010,Afghanistan,838250,f,12-17,69091.0
2010,Afghanistan,838250,f,18-59,176831.0
2010,Afghanistan,838250,f,60+,9962.0
2010,Afghanistan,838250,m,0-4,28706.0
2010,Afghanistan,838250,m,5-11,130910.0
2010,Afghanistan,838250,m,12-17,76620.0
2010,Afghanistan,838250,m,18-59,176224.0
2010,Afghanistan,838250,m,60+,15393.0
2010,Germany,37428,f,0-4,248.0
2010,Germany,37428,f,5-11,323.0
2010,Germany,37428,f,12-17,322.0
2010,Germany,37428,f,18-59,1161.0
2010,Germany,37428,f,60+,107.0
2010,Germany,37428,m,0-4,273.0
2010,Germany,37428,m,5-11,370.0
2010,Germany,37428,m,12-17,1152.0
2010,Germany,37428,m,18-59,2961.0
2010,Germany,37428,m,60+,107.0
2010,Germany,37428,f,0-4,0.0
2010,Germany,37428,f,5-11,0.0
2010,Germany,37428,f,12-17,0.0
2010,Germany,37428,f,18-59,0.0
2010,Germany,37428,f,60+,0.0
2010,Germany,37428,m,0-4,0.0
2010,Germany,37428,m,5-11,0.0
2010,Germany,37428,m,12-17,0.0
2010,Germany,37428,m,18-59,0.0
2010,Germany,37428,m,60+,0.0
2010,Germany,37428,f,0-4,326.0
2010,Germany,37428,f,5-11,1208.0
2010,Germany,37428,f,12-17,1660.0
2010,Germany,37428,f,18-59,8455.0
2010,Germany,37428,f,60+,2353.0
2010,Germany,37428,m,0-4,332.0
2010,Germany,37428,m,5-11,1296.0
2010,Germany,37428,m,12-17,2138.0
2010,Germany,37428,m,18-59,11031.0
2010,Germany,37428,m,60+,1605.0
2010,India,9317,f,0-4,17.0
2010,India,9317,f,5-11,19.0
2010,India,9317,f,12-17,18.0
2010,India,9317,f,18-59,56.0
2010,India,9317,f,60+,5.0
2010,India,9317,m,0-4,13.0
2010,India,9317,m,5-11,18.0
2010,India,9317,m,12-17,9.0
2010,India,9317,m,18-59,63.0
2010,India,9317,m,60+,5.0
2010,India,9317,f,0-4,260.0
2010,India,9317,f,5-11,536.0
2010,India,9317,f,12-17,713.0
2010,India,9317,f,18-59,2416.0
2010,India,9317,f,60+,286.0
2010,India,9317,m,0-4,273.0
2010,India,9317,m,5-11,470.0
2010,India,9317,m,12-17,572.0
2010,India,9317,m,18-59,3244.0
2010,India,9317,m,60+,324.0
2010,Türkiye,3447,f,0-4,65.0
2010,Türkiye,3447,f,5-11,130.0
2010,Türkiye,3447,f,12-17,161.0
2010,Türkiye,3447,f,18-59,446.0
2010,Türkiye,3447,f,60+,5.0
2010,Türkiye,3447,m,0-4,70.0
2010,Türkiye,3447,m,5-11,175.0
2010,Türkiye,3447,m,12-17,191.0
2010,Türkiye,3447,m,18-59,701.0
2010,Türkiye,3447,m,60+,12.0
2010,Türkiye,3447,f,0-4,43.0
2010,Türkiye,3447,f,5-11,104.0
2010,Türkiye,3447,f,12-17,128.0
2010,Türkiye,3447,f,18-59,400.0
2010,Türkiye,3447,f,60+,5.0
2010,Türkiye,3447,m,0-4,39.0
2010,Türkiye,3447,m,5-11,133.0
2010,Türkiye,3447,m,12-17,148.0
2010,Türkiye,3447,m,18-59,485.0
2010,Türkiye,3447,m,60+,6.0
2011,Pakistan,1703488,f,0-4,38.0
2011,Pakistan,1703488,f,5-11,144.0
2011,Pakistan,1703488,f,12-17,161.0
2011,Pakistan,1703488,f,18-59,477.0
2011,Pakistan,1703488,f,60+,25.0
2011,Pakistan,1703488,m,0-4,35.0
2011,Pakistan,1703488,m,5-11,176.0
2011,Pakistan,1703488,m,12-17,190.0
2011,Pakistan,1703488,m,18-59,278.0
2011,Pakistan,1703488,m,60+,19.0
2011,Pakistan,1703488,f,0-4,133307.0
2011,Pakistan,1703488,f,5-11,185475.0
2011,Pakistan,1703488,f,12-17,126590.0
2011,Pakistan,1703488,f,18-59,335856.0
2011,Pakistan,1703488,f,60+,21225.0
2011,Pakistan,1703488,m,0-4,141589.0
2011,Pakistan,1703488,m,5-11,196307.0
2011,Pakistan,1703488,m,12-17,149297.0
2011,Pakistan,1703488,m,18-59,370846.0
2011,Pakistan,1703488,m,60+,41453.0
2011,Afghanistan,951167,f,0-4,38198.0
2011,Afghanistan,951167,f,5-11,139782.0
2011,Afghanistan,951167,f,12-17,77583.0
2011,Afghanistan,951167,f,18-59,201025.0
2011,Afghanistan,951167,f,60+,11077.0
2011,Afghanistan,951167,m,0-4,38717.0
2011,Afghanistan,951167,m,5-11,144739.0
2011,Afghanistan,951167,m,12-17,85416.0
2011,Afghanistan,951167,m,18-59,198061.0
2011,Afghanistan,951167,m,60+,16569.0
2011,Germany,41512,f,0-4,380.0
2011,Germany,41512,f,5-11,494.0
2011,Germany,41512,f,12-17,508.0
2011,Germany,41512,f,18-59,1838.0
2011,Germany,41512,f,60+,144.0
2011,Germany,41512,m,0-4,413.0
2011,Germany,41512,m,5-11,603.0
2011,Germany,41512,m,12-17,1649.0
2011,Germany,41512,m,18-59,4909.0
2011,Germany,41512,m,60+,149.0
2011,Germany,41512,f,0-4,0.0
2011,Germany,41512,f,5-11,0.0
2011,Germany,41512,f,12-17,0.0
2011,Germany,41512,f,18-59,0.0
2011,Germany,41512,f,60+,0.0
2011,Germany,41512,m,0-4,0.0
2011,Germany,41512,m,5-11,0.0
2011,Germany,41512,m,12-17,0.0
2011,Germany,41512,m,18-59,0.0
2011,Germany,41512,m,60+,0.0
2011,Germany,41512,f,0-4,339.0
2011,Germany,41512,f,5-11,1197.0
2011,Germany,41512,f,12-17,1564.0
2011,Germany,41512,f,18-59,8404.0
2011,Germany,41512,f,60+,2355.0
2011,Germany,41512,m,0-4,347.0
2011,Germany,41512,m,5-11,1292.0
2011,Germany,41512,m,12-17,2078.0
2011,Germany,41512,m,18-59,11173.0
2011,Germany,41512,m,60+,1676.0
2011,India,9780,f,0-4,34.0
2011,India,9780,f,5-11,60.0
2011,India,9780,f,12-17,45.0
2011,India,9780,f,18-59,160.0
2011,India,9780,f,60+,15.0
2011,India,9780,m,0-4,22.0
2011,India,9780,m,5-11,60.0
2011,India,9780,m,12-17,45.0
2011,India,9780,m,18-59,165.0
2011,India,9780,m,60+,13.0
2011,India,9780,f,0-4,251.0
2011,India,9780,f,5-11,487.0
2011,India,9780,f,12-17,512.0
2011,India,9780,f,18-59,3295.0
2011,India,9780,f,60+,331.0
2011,India,9780,m,0-4,249.0
2011,India,9780,m,5-11,537.0
2011,India,9780,m,12-17,667.0
2011,India,9780,m,18-59,2527.0
2011,India,9780,m,60+,305.0
2011,Türkiye,5077,f,0-4,121.0
2011,Türkiye,5077,f,5-11,175.0
2011,Türkiye,5077,f,12-17,210.0
2011,Türkiye,5077,f,18-59,511.0
2011,Türkiye,5077,f,60+,15.0
2011,Türkiye,5077,m,0-4,91.0
2011,Türkiye,5077,m,5-11,260.0
2011,Türkiye,5077,m,12-17,313.0
2011,Türkiye,5077,m,18-59,685.0
2011,Türkiye,5077,m,60+,14.0
2011,Türkiye,5077,f,0-4,87.0
2011,Türkiye,5077,f,5-11,228.0
2011,Türkiye,5077,f,12-17,228.0
2011,Türkiye,5077,f,18-59,653.0
2011,Türkiye,5077,f,60+,5.0
2011,Türkiye,5077,m,0-4,92.0
2011,Türkiye,5077,m,5-11,254.0
2011,Türkiye,5077,m,12-17,313.0
2011,Türkiye,5077,m,18-59,803.0
2011,Türkiye,5077,m,60+,19.0
2012,Pakistan,1640960,f,0-4,165.0
2012,Pakistan,1640960,f,5-11,337.0
2012,Pakistan,1640960,f,12-17,299.0
2012,Pakistan,1640960,f,18-59,821.0
2012,Pakistan,1640960,f,60+,43.0
2012,Pakistan,1640960,m,0-4,180.0
2012,Pakistan,1640960,m,5-11,377.0
2012,Pakistan,1640960,m,12-17,367.0
2012,Pakistan,1640960,m,18-59,590.0
2012,Pakistan,1640960,m,60+,41.0
2012,Pakistan,1640960,f,0-4,100102.0
2012,Pakistan,1640960,f,5-11,183165.0
2012,Pakistan,1640960,f,12-17,123261.0
2012,Pakistan,1640960,f,18-59,341175.0
2012,Pakistan,1640960,f,60+,20961.0
2012,Pakistan,1640960,m,0-4,105902.0
2012,Pakistan,1640960,m,5-11,192107.0
2012,Pakistan,1640960,m,12-17,143552.0
2012,Pakistan,1640960,m,18-59,386622.0
2012,Pakistan,1640960,m,60+,40893.0
2012,Afghanistan,879376,f,0-4,43971.0
2012,Afghanistan,879376,f,5-11,124015.0
2012,Afghanistan,879376,f,12-17,69956.0
2012,Afghanistan,879376,f,18-59,182150.0
2012,Afghanistan,879376,f,60+,9064.0
2012,Afghanistan,879376,m,0-4,44945.0
2012,Afghanistan,879376,m,5-11,128972.0
2012,Afghanistan,879376,m,12-17,77256.0
2012,Afghanistan,879376,m,18-59,183869.0
2012,Afghanistan,879376,m,60+,15178.0
2012,Germany,46103,f,0-4,520.0
2012,Germany,46103,f,5-11,640.0
2012,Germany,46103,f,12-17,633.0
2012,Germany,46103,f,18-59,2421.0
2012,Germany,46103,f,60+,211.0
2012,Germany,46103,m,0-4,608.0
2012,Germany,46103,m,5-11,764.0
2012,Germany,46103,m,12-17,1915.0
2012,Germany,46103,m,18-59,6440.0
2012,Germany,46103,m,60+,205.0
2012,Germany,46103,f,0-4,382.0
2012,Germany,46103,f,5-11,1240.0
2012,Germany,46103,f,12-17,1501.0
2012,Germany,46103,f,18-59,8583.0
2012,Germany,46103,f,60+,2455.0
2012,Germany,46103,m,0-4,432.0
2012,Germany,46103,m,5-11,1320.0
2012,Germany,46103,m,12-17,1960.0
2012,Germany,46103,m,18-59,12102.0
2012,Germany,46103,m,60+,1771.0
2012,Iran,28276,f,0-4,0.0
2012,Iran,28276,f,5-11,5.0
2012,Iran,28276,f,12-17,0.0
2012,Iran,28276,f,18-59,0.0
2012,Iran,28276,f,60+,0.0
2012,Iran,28276,m,0-4,0.0
2012,Iran,28276,m,5-11,0.0
2012,Iran,28276,m,12-17,0.0
2012,Iran,28276,m,18-59,8.0
2012,Iran,28276,m,60+,0.0
2012,Iran,28276,f,0-4,1853.0
2012,Iran,28276,f,5-11,2523.0
2012,Iran,28276,f,12-17,2707.0
2012,Iran,28276,f,18-59,6129.0
2012,Iran,28276,f,60+,609.0
2012,Iran,28276,m,0-4,1931.0
2012,Iran,28276,m,5-11,2495.0
2012,Iran,28276,m,12-17,2880.0
2012,Iran,28276,m,18-59,6294.0
2012,Iran,28276,m,60+,842.0
2012,India,10204,f,0-4,21.0
2012,India,10204,f,5-11,51.0
2012,India,10204,f,12-17,45.0
2012,India,10204,f,18-59,149.0
2012,India,10204,f,60+,5.0
2012,India,10204,m,0-4,33.0
2012,India,10204,m,5-11,57.0
2012,India,10204,m,12-17,43.0
2012,India,10204,m,18-59,155.0
2012,India,10204,m,60+,12.0
2012,India,10204,f,0-4,212.0
2012,India,10204,f,5-11,562.0
2012,India,10204,f,12-17,473.0
2012,India,10204,f,18-59,3513.0
2012,India,10204,f,60+,373.0
2012,India,10204,m,0-4,250.0
2012,India,10204,m,5-11,581.0
2012,India,10204,m,12-17,600.0
2012,India,10204,m,18-59,2742.0
2012,India,10204,m,60+,327.0
2013,Pakistan,1621199,f,0-4,266.0
2013,Pakistan,1621199,f,5-11,557.0
2013,Pakistan,1621199,f,12-17,526.0
2013,Pakistan,1621199,f,18-59,1439.0
2013,Pakistan,1621199,f,60+,77.0
2013,Pakistan,1621199,m,0-4,257.0
2013,Pakistan,1621199,m,5-11,569.0
2013,Pakistan,1621199,m,12-17,600.0
2013,Pakistan,1621199,m,18-59,970.0
2013,Pakistan,1621199,m,60+,62.0
2013,Pakistan,1621199,f,0-4,67222.0
2013,Pakistan,1621199,f,5-11,187222.0
2013,Pakistan,1621199,f,12-17,136386.0
2013,Pakistan,1621199,f,18-59,345468.0
2013,Pakistan,1621199,f,60+,20909.0
2013,Pakistan,1621199,m,0-4,70831.0
2013,Pakistan,1621199,m,5-11,195963.0
2013,Pakistan,1621199,m,12-17,156567.0
2013,Pakistan,1621199,m,18-59,394259.0
2013,Pakistan,1621199,m,60+,41049.0
2013,Afghanistan,275486,f,0-4,8313.0
2013,Afghanistan,275486,f,5-11,33580.0
2013,Afghanistan,275486,f,12-17,25119.0
2013,Afghanistan,275486,f,18-59,66849.0
2013,Afghanistan,275486,f,60+,3803.0
2013,Afghanistan,275486,m,0-4,8349.0
2013,Afghanistan,275486,m,5-11,35306.0
2013,Afghanistan,275486,m,12-17,26467.0
2013,Afghanistan,275486,m,18-59,61086.0
2013,Afghanistan,275486,m,60+,6614.0
2013,Germany,40351,f,0-4,562.0
2013,Germany,40351,f,5-11,767.0
2013,Germany,40351,f,12-17,640.0
2013,Germany,40351,f,18-59,2645.0
2013,Germany,40351,f,60+,254.0
2013,Germany,40351,m,0-4,676.0
2013,Germany,40351,m,5-11,935.0
2013,Germany,40351,m,12-17,1677.0
2013,Germany,40351,m,18-59,7764.0
2013,Germany,40351,m,60+,228.0
2013,Germany,40351,f,0-4,453.0
2013,Germany,40351,f,5-11,960.0
2013,Germany,40351,f,12-17,1044.0
2013,Germany,40351,f,18-59,6174.0
2013,Germany,40351,f,60+,1784.0
2013,Germany,40351,m,0-4,491.0
2013,Germany,40351,m,5-11,1113.0
2013,Germany,40351,m,12-17,1479.0
2013,Germany,40351,m,18-59,9403.0
2013,Germany,40351,m,60+,1302.0
2013,Iran,27918,f,0-4,0.0
2013,Iran,27918,f,5-11,0.0
2013,Iran,27918,f,12-17,7.0
2013,Iran,27918,f,18-59,11.0
2013,Iran,27918,f,60+,0.0
2013,Iran,27918,m,0-4,7.0
2013,Iran,27918,m,5-11,0.0
2013,Iran,27918,m,12-17,0.0
2013,Iran,27918,m,18-59,12.0
2013,Iran,27918,m,60+,0.0
2013,Iran,27918,f,0-4,1799.0
2013,Iran,27918,f,5-11,2450.0
2013,Iran,27918,f,12-17,2680.0
2013,Iran,27918,f,18-59,6089.0
2013,Iran,27918,f,60+,538.0
2013,Iran,27918,m,0-4,1906.0
2013,Iran,27918,m,5-11,2467.0
2013,Iran,27918,m,12-17,2891.0
2013,Iran,27918,m,18-59,6240.0
2013,Iran,27918,m,60+,821.0
2013,India,11377,f,0-4,56.0
2013,India,11377,f,5-11,90.0
2013,India,11377,f,12-17,68.0
2013,India,11377,f,18-59,262.0
2013,India,11377,f,60+,15.0
2013,India,11377,m,0-4,68.0
2013,India,11377,m,5-11,113.0
2013,India,11377,m,12-17,63.0
2013,India,11377,m,18-59,304.0
2013,India,11377,m,60+,10.0
2013,India,11377,f,0-4,193.0
2013,India,11377,f,5-11,622.0
2013,India,11377,f,12-17,505.0
2013,India,11377,f,18-59,3733.0
2013,India,11377,f,60+,421.0
2013,India,11377,m,0-4,212.0
2013,India,11377,m,5-11,664.0
2013,India,11377,m,12-17,646.0
2013,India,11377,m,18-59,2970.0
2013,India,11377,m,60+,362.0
2014,Pakistan,1510372,f,0-4,256.0
2014,Pakistan,1510372,f,5-11,596.0
2014,Pakistan,1510372,f,12-17,516.0
2014,Pakistan,1510372,f,18-59,1563.0
2014,Pakistan,1510372,f,60+,87.0
2014,Pakistan,1510372,m,0-4,253.0
2014,Pakistan,1510372,m,5-11,609.0
2014,Pakistan,1510372,m,12-17,565.0
2014,Pakistan,1510372,m,18-59,958.0
2014,Pakistan,1510372,m,60+,57.0
2014,Pakistan,1510372,f,0-4,47535.0
2014,Pakistan,1510372,f,5-11,173084.0
2014,Pakistan,1510372,f,12-17,133321.0
2014,Pakistan,1510372,f,18-59,335907.0
2014,Pakistan,1510372,f,60+,17977.0
2014,Pakistan,1510372,m,0-4,50449.0
2014,Pakistan,1510372,m,5-11,182043.0
2014,Pakistan,1510372,m,12-17,148213.0
2014,Pakistan,1510372,m,18-59,379350.0
2014,Pakistan,1510372,m,60+,37033.0
2014,Afghanistan,201284,f,0-4,13182.0
2014,Afghanistan,201284,f,5-11,18941.0
2014,Afghanistan,201284,f,12-17,16102.0
2014,Afghanistan,201284,f,18-59,52448.0
2014,Afghanistan,201284,f,60+,2353.0
2014,Afghanistan,201284,m,0-4,13592.0
2014,Afghanistan,201284,m,5-11,19444.0
2014,Afghanistan,201284,m,12-17,14506.0
2014,Afghanistan,201284,m,18-59,46326.0
2014,Afghanistan,201284,m,60+,4390.0
2014,Germany,46837,f,0-4,747.0
2014,Germany,46837,f,5-11,901.0
2014,Germany,46837,f,12-17,723.0
2014,Germany,46837,f,18-59,3122.0
2014,Germany,46837,f,60+,298.0
2014,Germany,46837,m,0-4,794.0
2014,Germany,46837,m,5-11,1162.0
2014,Germany,46837,m,12-17,1878.0
2014,Germany,46837,m,18-59,9126.0
2014,Germany,46837,m,60+,272.0
2014,Germany,46837,f,0-4,509.0
2014,Germany,46837,f,5-11,1202.0
2014,Germany,46837,f,12-17,1125.0
2014,Germany,46837,f,18-59,6764.0
2014,Germany,46837,f,60+,1870.0
2014,Germany,46837,m,0-4,594.0
2014,Germany,46837,m,5-11,1348.0
2014,Germany,46837,m,12-17,1537.0
2014,Germany,46837,m,18-59,11484.0
2014,Germany,46837,m,60+,1381.0
2014,Türkiye,33232,f,0-4,1301.0
2014,Türkiye,33232,f,5-11,1966.0
2014,Türkiye,33232,f,12-17,1420.0
2014,Türkiye,33232,f,18-59,5365.0
2014,Türkiye,33232,f,60+,118.0
2014,Türkiye,33232,m,0-4,1424.0
2014,Türkiye,33232,m,5-11,2159.0
2014,Türkiye,33232,m,12-17,3070.0
2014,Türkiye,33232,m,18-59,12065.0
2014,Türkiye,33232,m,60+,156.0
2014,Türkiye,33232,f,0-4,114.0
2014,Türkiye,33232,f,5-11,327.0
2014,Türkiye,33232,f,12-17,317.0
2014,Türkiye,33232,f,18-59,1116.0
2014,Türkiye,33232,f,60+,20.0
2014,Türkiye,33232,m,0-4,123.0
2014,Türkiye,33232,m,5-11,344.0
2014,Türkiye,33232,m,12-17,423.0
2014,Türkiye,33232,m,18-59,1362.0
2014,Türkiye,33232,m,60+,42.0
2014,Iran,29221,f,0-4,0.0
2014,Iran,29221,f,5-11,0.0
2014,Iran,29221,f,12-17,7.0
2014,Iran,29221,f,18-59,9.0
2014,Iran,29221,f,60+,0.0
2014,Iran,29221,m,0-4,7.0
2014,Iran,29221,m,5-11,0.0
2014,Iran,29221,m,12-17,0.0
2014,Iran,29221,m,18-59,10.0
2014,Iran,29221,m,60+,0.0
2014,Iran,29221,f,0-4,1905.0
2014,Iran,29221,f,5-11,2499.0
2014,Iran,29221,f,12-17,2758.0
2014,Iran,29221,f,18-59,6537.0
2014,Iran,29221,f,60+,555.0
2014,Iran,29221,m,0-4,2004.0
2014,Iran,29221,m,5-11,2525.0
2014,Iran,29221,m,12-17,2951.0
2014,Iran,29221,m,18-59,6619.0
2014,Iran,29221,m,60+,835.0
2015,Pakistan,1566950,f,0-4,256.0
2015,Pakistan,1566950,f,5-11,718.0
2015,Pakistan,1566950,f,12-17,645.0
2015,Pakistan,1566950,f,18-59,1812.0
2015,Pakistan,1566950,f,60+,120.0
2015,Pakistan,1566950,m,0-4,274.0
2015,Pakistan,1566950,m,5-11,765.0
2015,Pakistan,1566950,m,12-17,657.0
2015,Pakistan,1566950,m,18-59,1044.0
2015,Pakistan,1566950,m,60+,67.0
2015,Pakistan,1566950,f,0-4,53930.0
2015,Pakistan,1566950,f,5-11,178779.0
2015,Pakistan,1566950,f,12-17,140572.0
2015,Pakistan,1566950,f,18-59,340967.0
2015,Pakistan,1566950,f,60+,18741.0
2015,Pakistan,1566950,m,0-4,58377.0
2015,Pakistan,1566950,m,5-11,189436.0
2015,Pakistan,1566950,m,12-17,153477.0
2015,Pakistan,1566950,m,18-59,388708.0
2015,Pakistan,1566950,m,60+,37605.0
2015,Afghanistan,150317,f,0-4,14272.0
2015,Afghanistan,150317,f,5-11,16027.0
2015,Afghanistan,150317,f,12-17,12892.0
2015,Afghanistan,150317,f,18-59,30905.0
2015,Afghanistan,150317,f,60+,1573.0
2015,Afghanistan,150317,m,0-4,14873.0
2015,Afghanistan,150317,m,5-11,16545.0
2015,Afghanistan,150317,m,12-17,12429.0
2015,Afghanistan,150317,m,18-59,27806.0
2015,Afghanistan,150317,m,60+,2995.0
2015,Türkiye,94002,f,0-4,3802.0
2015,Türkiye,94002,f,5-11,5342.0
2015,Türkiye,94002,f,12-17,3517.0
2015,Türkiye,94002,f,18-59,15840.0
2015,Türkiye,94002,f,60+,416.0
2015,Türkiye,94002,m,0-4,4045.0
2015,Türkiye,94002,m,5-11,6419.0
2015,Türkiye,94002,m,12-17,5955.0
2015,Türkiye,94002,m,18-59,44246.0
2015,Türkiye,94002,m,60+,574.0
2015,Türkiye,94002,f,0-4,92.0
2015,Türkiye,94002,f,5-11,330.0
2015,Türkiye,94002,f,12-17,287.0
2015,Türkiye,94002,f,18-59,1003.0
2015,Türkiye,94002,f,60+,10.0
2015,Türkiye,94002,m,0-4,108.0
2015,Türkiye,94002,m,5-11,353.0
2015,Türkiye,94002,m,12-17,414.0
2015,Türkiye,94002,m,18-59,1204.0
2015,Türkiye,94002,m,60+,45.0
2015,Germany,72628,f,0-4,1798.0
2015,Germany,72628,f,5-11,2163.0
2015,Germany,72628,f,12-17,1481.0
2015,Germany,72628,f,18-59,6456.0
2015,Germany,72628,f,60+,462.0
2015,Germany,72628,m,0-4,1898.0
2015,Germany,72628,m,5-11,2674.0
2015,Germany,72628,m,12-17,5688.0
2015,Germany,72628,m,18-59,19526.0
2015,Germany,72628,m,60+,456.0
2015,Germany,72628,f,0-4,524.0
2015,Germany,72628,f,5-11,1309.0
2015,Germany,72628,f,12-17,1142.0
2015,Germany,72628,f,18-59,7081.0
2015,Germany,72628,f,60+,2002.0
2015,Germany,72628,m,0-4,585.0
2015,Germany,72628,m,5-11,1540.0
2015,Germany,72628,m,12-17,1508.0
2015,Germany,72628,m,18-59,12892.0
2015,Germany,72628,m,60+,1443.0
2015,Iran,27995,f,0-4,0.0
2015,Iran,27995,f,5-11,0.0
2015,Iran,27995,f,12-17,7.0
2015,Iran,27995,f,18-59,9.0
2015,Iran,27995,f,60+,0.0
2015,Iran,27995,m,0-4,7.0
2015,Iran,27995,m,5-11,0.0
2015,Iran,27995,m,12-17,0.0
2015,Iran,27995,m,18-59,10.0
2015,Iran,27995,m,60+,0.0
2015,Iran,27995,f,0-4,1807.0
2015,Iran,27995,f,5-11,2463.0
2015,Iran,27995,f,12-17,2692.0
2015,Iran,27995,f,18-59,6149.0
2015,Iran,27995,f,60+,586.0
2015,Iran,27995,m,0-4,1921.0
2015,Iran,27995,m,5-11,2473.0
2015,Iran,27995,m,12-17,2874.0
2015,Iran,27995,m,18-59,6135.0
2015,Iran,27995,m,60+,862.0
2016,Pakistan,1356607,f,0-4,216.0
2016,Pakistan,1356607,f,5-11,499.0
2016,Pakistan,1356607,f,12-17,428.0
2016,Pakistan,1356607,f,18-59,1254.0
2016,Pakistan,1356607,f,60+,84.0
2016,Pakistan,1356607,m,0-4,205.0
2016,Pakistan,1356607,m,5-11,524.0
2016,Pakistan,1356607,m,12-17,440.0
2016,Pakistan,1356607,m,18-59,745.0
2016,Pakistan,1356607,m,60+,52.0
2016,Pakistan,1356607,f,0-4,75289.0
2016,Pakistan,1356607,f,5-11,136768.0
2016,Pakistan,1356607,f,12-17,109143.0
2016,Pakistan,1356607,f,18-59,282595.0
2016,Pakistan,1356607,f,60+,24361.0
2016,Pakistan,1356607,m,0-4,80328.0
2016,Pakistan,1356607,m,5-11,145907.0
2016,Pakistan,1356607,m,12-17,118291.0
2016,Pakistan,1356607,m,18-59,338108.0
2016,Pakistan,1356607,m,60+,41370.0
2016,Germany,172814,f,0-4,5156.0
2016,Germany,172814,f,5-11,5771.0
2016,Germany,172814,f,12-17,4120.0
2016,Germany,172814,f,18-59,16997.0
2016,Germany,172814,f,60+,868.0
2016,Germany,172814,m,0-4,5519.0
2016,Germany,172814,m,5-11,7140.0
2016,Germany,172814,m,12-17,21609.0
2016,Germany,172814,m,18-59,58459.0
2016,Germany,172814,m,60+,883.0
2016,Germany,172814,f,0-4,1511.0
2016,Germany,172814,f,5-11,2786.0
2016,Germany,172814,f,12-17,2046.0
2016,Germany,172814,f,18-59,10435.0
2016,Germany,172814,f,60+,2205.0
2016,Germany,172814,m,0-4,1640.0
2016,Germany,172814,m,5-11,3248.0
2016,Germany,172814,m,12-17,2872.0
2016,Germany,172814,m,18-59,17898.0
2016,Germany,172814,m,60+,1651.0
2016,Türkiye,118116,f,0-4,4603.0
2016,Türkiye,118116,f,5-11,7078.0
2016,Türkiye,118116,f,12-17,4405.0
2016,Türkiye,118116,f,18-59,20389.0
2016,Türkiye,118116,f,60+,638.0
2016,Türkiye,118116,m,0-4,4960.0
2016,Türkiye,118116,m,5-11,8282.0
2016,Türkiye,118116,m,12-17,6701.0
2016,Türkiye,118116,m,18-59,56806.0
2016,Türkiye,118116,m,60+,831.0
2016,Türkiye,118116,f,0-4,109.0
2016,Türkiye,118116,f,5-11,304.0
2016,Türkiye,118116,f,12-17,268.0
2016,Türkiye,118116,f,18-59,941.0
2016,Türkiye,118116,f,60+,20.0
2016,Türkiye,118116,m,0-4,102.0
2016,Türkiye,118116,m,5-11,301.0
2016,Türkiye,118116,m,12-17,360.0
2016,Türkiye,118116,m,18-59,981.0
2016,Türkiye,118116,m,60+,37.0
2016,Afghanistan,114221,f,0-4,12824.0
2016,Afghanistan,114221,f,5-11,10972.0
2016,Afghanistan,114221,f,12-17,8412.0
2016,Afghanistan,114221,f,18-59,22244.0
2016,Afghanistan,114221,f,60+,1669.0
2016,Afghanistan,114221,m,0-4,13371.0
2016,Afghanistan,114221,m,5-11,11762.0
2016,Afghanistan,114221,m,12-17,9089.0
2016,Afghanistan,114221,m,18-59,20956.0
2016,Afghanistan,114221,m,60+,2922.0
2016,Iran,27969,f,0-4,0.0
2016,Iran,27969,f,5-11,0.0
2016,Iran,27969,f,12-17,0.0
2016,Iran,27969,f,18-59,0.0
2016,Iran,27969,f,60+,0.0
2016,Iran,27969,m,0-4,0.0
2016,Iran,27969,m,5-11,0.0
2016,Iran,27969,m,12-17,0.0
2016,Iran,27969,m,18-59,7.0
2016,Iran,27969,m,60+,0.0
2016,Iran,27969,f,0-4,1807.0
2016,Iran,27969,f,5-11,2463.0
2016,Iran,27969,f,12-17,2692.0
2016,Iran,27969,f,18-59,6149.0
2016,Iran,27969,f,60+,586.0
2016,Iran,27969,m,0-4,1921.0
2016,Iran,27969,m,5-11,2473.0
2016,Iran,27969,m,12-17,2874.0
2016,Iran,27969,m,18-59,6135.0
2016,Iran,27969,m,60+,862.0
2017,Pakistan,1395851,f,0-4,218.0
2017,Pakistan,1395851,f,5-11,333.0
2017,Pakistan,1395851,f,12-17,367.0
2017,Pakistan,1395851,f,18-59,781.0
2017,Pakistan,1395851,f,60+,42.0
2017,Pakistan,1395851,m,0-4,179.0
2017,Pakistan,1395851,m,5-11,420.0
2017,Pakistan,1395851,m,12-17,314.0
2017,Pakistan,1395851,m,18-59,553.0
2017,Pakistan,1395851,m,60+,34.0
2017,Pakistan,1395851,f,0-4,94088.0
2017,Pakistan,1395851,f,5-11,139099.0
2017,Pakistan,1395851,f,12-17,103744.0
2017,Pakistan,1395851,f,18-59,285690.0
2017,Pakistan,1395851,f,60+,23853.0
2017,Pakistan,1395851,m,0-4,99127.0
2017,Pakistan,1395851,m,5-11,148633.0
2017,Pakistan,1395851,m,12-17,111824.0
2017,Pakistan,1395851,m,18-59,345812.0
2017,Pakistan,1395851,m,60+,40740.0
2017,Afghanistan,448032,f,0-4,50266.0
2017,Afghanistan,448032,f,5-11,43490.0
2017,Afghanistan,448032,f,12-17,33983.0
2017,Afghanistan,448032,f,18-59,89061.0
2017,Afghanistan,448032,f,60+,5752.0
2017,Afghanistan,448032,m,0-4,51691.0
2017,Afghanistan,448032,m,5-11,45901.0
2017,Afghanistan,448032,m,12-17,35508.0
2017,Afghanistan,448032,m,18-59,82757.0
2017,Afghanistan,448032,m,60+,9623.0
2017,Germany,191706,f,0-4,3237.0
2017,Germany,191706,f,5-11,3543.0
2017,Germany,191706,f,12-17,2290.0
2017,Germany,191706,f,18-59,9673.0
2017,Germany,191706,f,60+,306.0
2017,Germany,191706,m,0-4,3485.0
2017,Germany,191706,m,5-11,4294.0
2017,Germany,191706,m,12-17,7286.0
2017,Germany,191706,m,18-59,52754.0
2017,Germany,191706,m,60+,453.0
2017,Germany,191706,f,0-4,5025.0
2017,Germany,191706,f,5-11,7452.0
2017,Germany,191706,f,12-17,5172.0
2017,Germany,191706,f,18-59,23051.0
2017,Germany,191706,f,60+,3034.0
2017,Germany,191706,m,0-4,5340.0
2017,Germany,191706,m,5-11,8418.0
2017,Germany,191706,m,12-17,8939.0
2017,Germany,191706,m,18-59,35477.0
2017,Germany,191706,m,60+,2477.0
2017,Türkiye,163413,f,0-4,5570.0
2017,Türkiye,163413,f,5-11,8513.0
2017,Türkiye,163413,f,12-17,5112.0
2017,Türkiye,163413,f,18-59,23994.0
2017,Türkiye,163413,f,60+,894.0
2017,Türkiye,163413,m,0-4,5920.0
2017,Türkiye,163413,m,5-11,9893.0
2017,Türkiye,163413,m,12-17,8111.0
2017,Türkiye,163413,m,18-59,88714.0
2017,Türkiye,163413,m,60+,1089.0
2017,Türkiye,163413,f,0-4,226.0
2017,Türkiye,163413,f,5-11,469.0
2017,Türkiye,163413,f,12-17,464.0
2017,Türkiye,163413,f,18-59,1522.0
2017,Türkiye,163413,f,60+,64.0
2017,Türkiye,163413,m,0-4,227.0
2017,Türkiye,163413,m,5-11,544.0
2017,Türkiye,163413,m,12-17,548.0
2017,Türkiye,163413,m,18-59,1472.0
2017,Türkiye,163413,m,60+,67.0
2017,Iran,27980,f,0-4,1787.0
2017,Iran,27980,f,5-11,2476.0
2017,Iran,27980,f,12-17,2714.0
2017,Iran,27980,f,18-59,6150.0
2017,Iran,27980,f,60+,605.0
2017,Iran,27980,m,0-4,1902.0
2017,Iran,27980,m,5-11,2494.0
2017,Iran,27980,m,12-17,2830.0
2017,Iran,27980,m,18-59,6143.0
2017,Iran,27980,m,60+,879.0
2018,Pakistan,1408533,f,0-4,362.0
2018,Pakistan,1408533,f,5-11,540.0
2018,Pakistan,1408533,f,12-17,427.0
2018,Pakistan,1408533,f,18-59,1285.0
2018,Pakistan,1408533,f,60+,56.0
2018,Pakistan,1408533,m,0-4,329.0
2018,Pakistan,1408533,m,5-11,650.0
2018,Pakistan,1408533,m,12-17,477.0
2018,Pakistan,1408533,m,18-59,838.0
2018,Pakistan,1408533,m,60+,48.0
2018,Pakistan,1408533,f,0-4,79321.0
2018,Pakistan,1408533,f,5-11,145957.0
2018,Pakistan,1408533,f,12-17,102855.0
2018,Pakistan,1408533,f,18-59,298172.0
2018,Pakistan,1408533,f,60+,24715.0
2018,Pakistan,1408533,m,0-4,83570.0
2018,Pakistan,1408533,m,5-11,156092.0
2018,Pakistan,1408533,m,12-17,109075.0
2018,Pakistan,1408533,m,18-59,361376.0
2018,Pakistan,1408533,m,60+,42388.0
2018,Afghanistan,489854,f,0-4,54893.0
2018,Afghanistan,489854,f,5-11,56200.0
2018,Afghanistan,489854,f,12-17,33477.0
2018,Afghanistan,489854,f,18-59,105390.0
2018,Afghanistan,489854,f,60+,8360.0
2018,Afghanistan,489854,m,0-4,54670.0
2018,Afghanistan,489854,m,5-11,54230.0
2018,Afghanistan,489854,m,12-17,31685.0
2018,Afghanistan,489854,m,18-59,78553.0
2018,Afghanistan,489854,m,60+,12396.0
2018,Germany,191856,f,0-4,2327.0
2018,Germany,191856,f,5-11,1521.0
2018,Germany,191856,f,12-17,2452.0
2018,Germany,191856,f,18-59,6691.0
2018,Germany,191856,f,60+,423.0
2018,Germany,191856,m,0-4,2407.0
2018,Germany,191856,m,5-11,2857.0
2018,Germany,191856,m,12-17,3390.0
2018,Germany,191856,m,18-59,43412.0
2018,Germany,191856,m,60+,358.0
2018,Germany,191856,f,0-4,5834.0
2018,Germany,191856,f,5-11,9268.0
2018,Germany,191856,f,12-17,6266.0
2018,Germany,191856,f,18-59,27840.0
2018,Germany,191856,f,60+,3342.0
2018,Germany,191856,m,0-4,6168.0
2018,Germany,191856,m,5-11,10450.0
2018,Germany,191856,m,12-17,9287.0
2018,Germany,191856,m,18-59,44747.0
2018,Germany,191856,m,60+,2816.0
2018,Türkiye,171519,f,0-4,6061.0
2018,Türkiye,171519,f,5-11,8647.0
2018,Türkiye,171519,f,12-17,5367.0
2018,Türkiye,171519,f,18-59,23441.0
2018,Türkiye,171519,f,60+,949.0
2018,Türkiye,171519,m,0-4,6530.0
2018,Türkiye,171519,m,5-11,9895.0
2018,Türkiye,171519,m,12-17,8265.0
2018,Türkiye,171519,m,18-59,94637.0
2018,Türkiye,171519,m,60+,1121.0
2018,Türkiye,171519,f,0-4,287.0
2018,Türkiye,171519,f,5-11,509.0
2018,Türkiye,171519,f,12-17,520.0
2018,Türkiye,171519,f,18-59,1871.0
2018,Türkiye,171519,f,60+,53.0
2018,Türkiye,171519,m,0-4,300.0
2018,Türkiye,171519,m,5-11,573.0
2018,Türkiye,171519,m,12-17,623.0
2018,Türkiye,171519,m,18-59,1784.0
2018,Türkiye,171519,m,60+,86.0
2018,Iran,28886,f,0-4,1811.0
2018,Iran,28886,f,5-11,2504.0
2018,Iran,28886,f,12-17,2750.0
2018,Iran,28886,f,18-59,6195.0
2018,Iran,28886,f,60+,626.0
2018,Iran,28886,m,0-4,1920.0
2018,Iran,28886,m,5-11,2524.0
2018,Iran,28886,m,12-17,2865.0
2018,Iran,28886,m,18-59,6794.0
2018,Iran,28886,m,60+,897.0
2019,Pakistan,1427490,f,0-4,573.0
2019,Pakistan,1427490,f,5-11,991.0
2019,Pakistan,1427490,f,12-17,669.0
2019,Pakistan,1427490,f,18-59,2072.0
2019,Pakistan,1427490,f,60+,106.0
2019,Pakistan,1427490,m,0-4,524.0
2019,Pakistan,1427490,m,5-11,1057.0
2019,Pakistan,1427490,m,12-17,773.0
2019,Pakistan,1427490,m,18-59,1546.0
2019,Pakistan,1427490,m,60+,95.0
2019,Pakistan,1427490,f,0-4,63659.0
2019,Pakistan,1427490,f,5-11,149878.0
2019,Pakistan,1427490,f,12-17,105232.0
2019,Pakistan,1427490,f,18-59,314305.0
2019,Pakistan,1427490,f,60+,24977.0
2019,Pakistan,1427490,m,0-4,67573.0
2019,Pakistan,1427490,m,5-11,159642.0
2019,Pakistan,1427490,m,12-17,111175.0
2019,Pakistan,1427490,m,18-59,379460.0
2019,Pakistan,1427490,m,60+,43183.0
2019,Afghanistan,447093,f,0-4,45066.0
2019,Afghanistan,447093,f,5-11,47747.0
2019,Afghanistan,447093,f,12-17,35998.0
2019,Afghanistan,447093,f,18-59,79735.0
2019,Afghanistan,447093,f,60+,6796.0
2019,Afghanistan,447093,m,0-4,45372.0
2019,Afghanistan,447093,m,5-11,53644.0
2019,Afghanistan,447093,m,12-17,41211.0
2019,Afghanistan,447093,m,18-59,83677.0
2019,Afghanistan,447093,m,60+,7847.0
2019,Germany,187709,f,0-4,1793.0
2019,Germany,187709,f,5-11,1935.0
2019,Germany,187709,f,12-17,1158.0
2019,Germany,187709,f,18-59,5336.0
2019,Germany,187709,f,60+,359.0
2019,Germany,187709,m,0-4,1867.0
2019,Germany,187709,m,5-11,2136.0
2019,Germany,187709,m,12-17,2101.0
2019,Germany,187709,m,18-59,30363.0
2019,Germany,187709,m,60+,295.0
2019,Germany,187709,f,0-4,6147.0
2019,Germany,187709,f,5-11,10479.0
2019,Germany,187709,f,12-17,6994.0
2019,Germany,187709,f,18-59,31271.0
2019,Germany,187709,f,60+,3610.0
2019,Germany,187709,m,0-4,6479.0
2019,Germany,187709,m,5-11,11693.0
2019,Germany,187709,m,12-17,9297.0
2019,Germany,187709,m,18-59,51262.0
2019,Germany,187709,m,60+,3134.0
2019,Türkiye,116403,f,0-4,6043.0
2019,Türkiye,116403,f,5-11,9165.0
2019,Türkiye,116403,f,12-17,5731.0
2019,Türkiye,116403,f,18-59,25142.0
2019,Türkiye,116403,f,60+,1089.0
2019,Türkiye,116403,m,0-4,6547.0
2019,Türkiye,116403,m,5-11,10397.0
2019,Türkiye,116403,m,12-17,7405.0
2019,Türkiye,116403,m,18-59,43607.0
2019,Türkiye,116403,m,60+,1277.0
2019,Türkiye,116403,f,0-4,0.0
2019,Türkiye,116403,f,5-11,0.0
2019,Türkiye,116403,f,12-17,0.0
2019,Türkiye,116403,f,18-59,0.0
2019,Türkiye,116403,f,60+,0.0
2019,Türkiye,116403,m,0-4,0.0
2019,Türkiye,116403,m,5-11,0.0
2019,Türkiye,116403,m,12-17,0.0
2019,Türkiye,116403,m,18-59,0.0
2019,Türkiye,116403,m,60+,0.0
2019,India,15689,f,0-4,354.0
2019,India,15689,f,5-11,643.0
2019,India,15689,f,12-17,537.0
2019,India,15689,f,18-59,2236.0
2019,India,15689,f,60+,139.0
2019,India,15689,m,0-4,372.0
2019,India,15689,m,5-11,731.0
2019,India,15689,m,12-17,599.0
2019,India,15689,m,18-59,2440.0
2019,India,15689,m,60+,168.0
2019,India,15689,f,0-4,172.0
2019,India,15689,f,5-11,490.0
2019,India,15689,f,12-17,535.0
2019,India,15689,f,18-59,2380.0
2019,India,15689,f,60+,230.0
2019,India,15689,m,0-4,210.0
2019,India,15689,m,5-11,591.0
2019,India,15689,m,12-17,549.0
2019,India,15689,m,18-59,2056.0
2019,India,15689,m,60+,257.0
2020,Pakistan,1448108,f,0-4,512.0
2020,Pakistan,1448108,f,5-11,1177.0
2020,Pakistan,1448108,f,12-17,760.0
2020,Pakistan,1448108,f,18-59,2410.0
2020,Pakistan,1448108,f,60+,122.0
2020,Pakistan,1448108,m,0-4,517.0
2020,Pakistan,1448108,m,5-11,1226.0
2020,Pakistan,1448108,m,12-17,890.0
2020,Pakistan,1448108,m,18-59,1940.0
2020,Pakistan,1448108,m,60+,114.0
2020,Pakistan,1448108,f,0-4,0.0
2020,Pakistan,1448108,f,5-11,0.0
2020,Pakistan,1448108,f,12-17,8.0
2020,Pakistan,1448108,f,18-59,0.0
2020,Pakistan,1448108,f,60+,0.0
2020,Pakistan,1448108,m,0-4,0.0
2020,Pakistan,1448108,m,5-11,0.0
2020,Pakistan,1448108,m,12-17,0.0
2020,Pakistan,1448108,m,18-59,0.0
2020,Pakistan,1448108,m,60+,0.0
2020,Pakistan,1448108,f,0-4,49878.0
2020,Pakistan,1448108,f,5-11,147686.0
2020,Pakistan,1448108,f,12-17,110534.0
2020,Pakistan,1448108,f,18-59,332525.0
2020,Pakistan,1448108,f,60+,26595.0
2020,Pakistan,1448108,m,0-4,53559.0
2020,Pakistan,1448108,m,5-11,156817.0
2020,Pakistan,1448108,m,12-17,117680.0
2020,Pakistan,1448108,m,18-59,397836.0
2020,Pakistan,1448108,m,60+,45322.0
2020,Germany,180955,f,0-4,1237.0
2020,Germany,180955,f,5-11,1443.0
2020,Germany,180955,f,12-17,922.0
2020,Germany,180955,f,18-59,4263.0
2020,Germany,180955,f,60+,205.0
2020,Germany,180955,m,0-4,1308.0
2020,Germany,180955,m,5-11,1659.0
2020,Germany,180955,m,12-17,1796.0
2020,Germany,180955,m,18-59,20007.0
2020,Germany,180955,m,60+,263.0
2020,Germany,180955,f,0-4,5979.0
2020,Germany,180955,f,5-11,10969.0
2020,Germany,180955,f,12-17,7703.0
2020,Germany,180955,f,18-59,33195.0
2020,Germany,180955,f,60+,3833.0
2020,Germany,180955,m,0-4,6325.0
2020,Germany,180955,m,5-11,12021.0
2020,Germany,180955,m,12-17,9587.0
2020,Germany,180955,m,18-59,54962.0
2020,Germany,180955,m,60+,3278.0
2020,Türkiye,125104,f,0-4,7816.0
2020,Türkiye,125104,f,5-11,9860.0
2020,Türkiye,125104,f,12-17,6106.0
2020,Türkiye,125104,f,18-59,24170.0
2020,Türkiye,125104,f,60+,1099.0
2020,Türkiye,125104,m,0-4,8300.0
2020,Türkiye,125104,m,5-11,11147.0
2020,Türkiye,125104,m,12-17,8402.0
2020,Türkiye,125104,m,18-59,46908.0
2020,Türkiye,125104,m,60+,1296.0
2020,Türkiye,125104,f,0-4,0.0
2020,Türkiye,125104,f,5-11,0.0
2020,Türkiye,125104,f,12-17,0.0
2020,Türkiye,125104,f,18-59,0.0
2020,Türkiye,125104,f,60+,0.0
2020,Türkiye,125104,m,0-4,0.0
2020,Türkiye,125104,m,5-11,0.0
2020,Türkiye,125104,m,12-17,0.0
2020,Türkiye,125104,m,18-59,0.0
2020,Türkiye,125104,m,60+,0.0
2020,Afghanistan,82595,f,0-4,8751.0
2020,Afghanistan,82595,f,5-11,8775.0
2020,Afghanistan,82595,f,12-17,5828.0
2020,Afghanistan,82595,f,18-59,18958.0
2020,Afghanistan,82595,f,60+,587.0
2020,Afghanistan,82595,m,0-4,8814.0
2020,Afghanistan,82595,m,5-11,5017.0
2020,Afghanistan,82595,m,12-17,4785.0
2020,Afghanistan,82595,m,18-59,19273.0
2020,Afghanistan,82595,m,60+,1807.0
2020,India,15132,f,0-4,242.0
2020,India,15132,f,5-11,536.0
2020,India,15132,f,12-17,453.0
2020,India,15132,f,18-59,1915.0
2020,India,15132,f,60+,110.0
2020,India,15132,m,0-4,263.0
2020,India,15132,m,5-11,605.0
2020,India,15132,m,12-17,436.0
2020,India,15132,m,18-59,2148.0
2020,India,15132,m,60+,149.0
2020,India,15132,f,0-4,158.0
2020,India,15132,f,5-11,536.0
2020,India,15132,f,12-17,578.0
2020,India,15132,f,18-59,2665.0
2020,India,15132,f,60+,273.0
2020,India,15132,m,0-4,206.0
2020,India,15132,m,5-11,623.0
2020,India,15132,m,12-17,633.0
2020,India,15132,m,18-59,2324.0
2020,India,15132,m,60+,279.0
2021,Pakistan,1395792,f,0-4,605.0
2021,Pakistan,1395792,f,5-11,1513.0
2021,Pakistan,1395792,f,12-17,1047.0
2021,Pakistan,1395792,f,18-59,3501.0
2021,Pakistan,1395792,f,60+,194.0
2021,Pakistan,1395792,m,0-4,624.0
2021,Pakistan,1395792,m,5-11,1565.0
2021,Pakistan,1395792,m,12-17,1239.0
2021,Pakistan,1395792,m,18-59,2789.0
2021,Pakistan,1395792,m,60+,183.0
2021,Pakistan,1395792,f,0-4,0.0
2021,Pakistan,1395792,f,5-11,0.0
2021,Pakistan,1395792,f,12-17,0.0
2021,Pakistan,1395792,f,18-59,6.0
2021,Pakistan,1395792,f,60+,0.0
2021,Pakistan,1395792,m,0-4,0.0
2021,Pakistan,1395792,m,5-11,0.0
2021,Pakistan,1395792,m,12-17,6.0
2021,Pakistan,1395792,m,18-59,0.0
2021,Pakistan,1395792,m,60+,0.0
2021,Pakistan,1395792,f,0-4,115419.0
2021,Pakistan,1395792,f,5-11,154993.0
2021,Pakistan,1395792,f,12-17,91232.0
2021,Pakistan,1395792,f,18-59,284474.0
2021,Pakistan,1395792,f,60+,20654.0
2021,Pakistan,1395792,m,0-4,122145.0
2021,Pakistan,1395792,m,5-11,162676.0
2021,Pakistan,1395792,m,12-17,97102.0
2021,Pakistan,1395792,m,18-59,304532.0
2021,Pakistan,1395792,m,60+,29293.0
2021,Iran,778054,f,0-4,0.0
2021,Iran,778054,f,5-11,0.0
2021,Iran,778054,f,12-17,0.0
2021,Iran,778054,f,18-59,0.0
2021,Iran,778054,f,60+,0.0
2021,Iran,778054,m,0-4,0.0
2021,Iran,778054,m,5-11,0.0
2021,Iran,778054,m,12-17,0.0
2021,Iran,778054,m,18-59,0.0
2021,Iran,778054,m,60+,0.0
2021,Iran,778054,f,0-4,48430.0
2021,Iran,778054,f,5-11,60438.0
2021,Iran,778054,f,12-17,37927.0
2021,Iran,778054,f,18-59,205450.0
2021,Iran,778054,f,60+,18273.0
2021,Iran,778054,m,0-4,50707.0
2021,Iran,778054,m,5-11,63513.0
2021,Iran,778054,m,12-17,40463.0
2021,Iran,778054,m,18-59,228475.0
2021,Iran,778054,m,60+,24378.0
2021,Afghanistan,577452,f,0-4,49249.0
2021,Afghanistan,577452,f,5-11,50819.0
2021,Afghanistan,577452,f,12-17,40469.0
2021,Afghanistan,577452,f,18-59,92787.0
2021,Afghanistan,577452,f,60+,10082.0
2021,Afghanistan,577452,m,0-4,49176.0
2021,Afghanistan,577452,m,5-11,51752.0
2021,Afghanistan,577452,m,12-17,43798.0
2021,Afghanistan,577452,m,18-59,94864.0
2021,Afghanistan,577452,m,60+,11714.0
2021,Afghanistan,577452,f,0-4,8903.0
2021,Afghanistan,577452,f,5-11,8927.0
2021,Afghanistan,577452,f,12-17,5937.0
2021,Afghanistan,577452,f,18-59,19314.0
2021,Afghanistan,577452,f,60+,594.0
2021,Afghanistan,577452,m,0-4,8974.0
2021,Afghanistan,577452,m,5-11,5108.0
2021,Afghanistan,577452,m,12-17,4867.0
2021,Afghanistan,577452,m,18-59,18278.0
2021,Afghanistan,577452,m,60+,1840.0
2021,Germany,202532,f,0-4,1817.0
2021,Germany,202532,f,5-11,2235.0
2021,Germany,202532,f,12-17,1516.0
2021,Germany,202532,f,18-59,6730.0
2021,Germany,202532,f,60+,314.0
2021,Germany,202532,m,0-4,2026.0
2021,Germany,202532,m,5-11,2643.0
2021,Germany,202532,m,12-17,3068.0
2021,Germany,202532,m,18-59,23263.0
2021,Germany,202532,m,60+,352.0
2021,Germany,202532,f,0-4,4816.0
2021,Germany,202532,f,5-11,12524.0
2021,Germany,202532,f,12-17,8493.0
2021,Germany,202532,f,18-59,35743.0
2021,Germany,202532,f,60+,4068.0
2021,Germany,202532,m,0-4,5240.0
2021,Germany,202532,m,5-11,13518.0
2021,Germany,202532,m,12-17,10409.0
2021,Germany,202532,m,18-59,60222.0
2021,Germany,202532,m,60+,3535.0
2021,Türkiye,133062,f,0-4,6640.0
2021,Türkiye,133062,f,5-11,10496.0
2021,Türkiye,133062,f,12-17,6567.0
2021,Türkiye,133062,f,18-59,26058.0
2021,Türkiye,133062,f,60+,1272.0
2021,Türkiye,133062,m,0-4,7046.0
2021,Türkiye,133062,m,5-11,11763.0
2021,Türkiye,133062,m,12-17,8467.0
2021,Türkiye,133062,m,18-59,53338.0
2021,Türkiye,133062,m,60+,1415.0
2021,Türkiye,133062,f,0-4,0.0
2021,Türkiye,133062,f,5-11,0.0
2021,Türkiye,133062,f,12-17,0.0
2021,Türkiye,133062,f,18-59,0.0
2021,Türkiye,133062,f,60+,0.0
2021,Türkiye,133062,m,0-4,0.0
2021,Türkiye,133062,m,5-11,0.0
2021,Türkiye,133062,m,12-17,0.0
2021,Türkiye,133062,m,18-59,0.0
2021,Türkiye,133062,m,60+,0.0
2022,Iran,3413249,f,0-4,230021.0
2022,Iran,3413249,f,5-11,314576.0
2022,Iran,3413249,f,12-17,217038.0
2022,Iran,3413249,f,18-59,796047.0
2022,Iran,3413249,f,60+,67833.0
2022,Iran,3413249,m,0-4,237954.0
2022,Iran,3413249,m,5-11,330572.0
2022,Iran,3413249,m,12-17,235234.0
2022,Iran,3413249,m,18-59,884325.0
2022,Iran,3413249,m,60+,99649.0
2022,Pakistan,1495270,f,0-4,2101.0
2022,Pakistan,1495270,f,5-11,3889.0
2022,Pakistan,1495270,f,12-17,2837.0
2022,Pakistan,1495270,f,18-59,9987.0
2022,Pakistan,1495270,f,60+,656.0
2022,Pakistan,1495270,m,0-4,2160.0
2022,Pakistan,1495270,m,5-11,4142.0
2022,Pakistan,1495270,m,12-17,3313.0
2022,Pakistan,1495270,m,18-59,8325.0
2022,Pakistan,1495270,m,60+,698.0
2022,Pakistan,1495270,f,0-4,0.0
2022,Pakistan,1495270,f,5-11,0.0
2022,Pakistan,1495270,f,12-17,0.0
2022,Pakistan,1495270,f,18-59,22.0
2022,Pakistan,1495270,f,60+,0.0
2022,Pakistan,1495270,m,0-4,0.0
2022,Pakistan,1495270,m,5-11,0.0
2022,Pakistan,1495270,m,12-17,5.0
2022,Pakistan,1495270,m,18-59,6.0
2022,Pakistan,1495270,m,60+,0.0
2022,Pakistan,1495270,f,0-4,98709.0
2022,Pakistan,1495270,f,5-11,164135.0
2022,Pakistan,1495270,f,12-17,100138.0
2022,Pakistan,1495270,f,18-59,313036.0
2022,Pakistan,1495270,f,60+,22203.0
2022,Pakistan,1495270,m,0-4,104601.0
2022,Pakistan,1495270,m,5-11,173198.0
2022,Pakistan,1495270,m,12-17,107030.0
2022,Pakistan,1495270,m,18-59,342253.0
2022,Pakistan,1495270,m,60+,31826.0
2022,Afghanistan,967354,f,0-4,87468.0
2022,Afghanistan,967354,f,5-11,90217.0
2022,Afghanistan,967354,f,12-17,71848.0
2022,Afghanistan,967354,f,18-59,164786.0
2022,Afghanistan,967354,f,60+,17897.0
2022,Afghanistan,967354,m,0-4,87335.0
2022,Afghanistan,967354,m,5-11,91891.0
2022,Afghanistan,967354,m,12-17,77751.0
2022,Afghanistan,967354,m,18-59,168466.0
2022,Afghanistan,967354,m,60+,20792.0
2022,Afghanistan,967354,f,0-4,9571.0
2022,Afghanistan,967354,f,5-11,9603.0
2022,Afghanistan,967354,f,12-17,6385.0
2022,Afghanistan,967354,f,18-59,20734.0
2022,Afghanistan,967354,f,60+,633.0
2022,Afghanistan,967354,m,0-4,9627.0
2022,Afghanistan,967354,m,5-11,5485.0
2022,Afghanistan,967354,m,12-17,5237.0
2022,Afghanistan,967354,m,18-59,19669.0
2022,Afghanistan,967354,m,60+,1959.0
2022,Germany,215305,f,0-4,1337.0
2022,Germany,215305,f,5-11,1559.0
2022,Germany,215305,f,12-17,1037.0
2022,Germany,215305,f,18-59,5150.0
2022,Germany,215305,f,60+,285.0
2022,Germany,215305,m,0-4,1373.0
2022,Germany,215305,m,5-11,1725.0
2022,Germany,215305,m,12-17,3592.0
2022,Germany,215305,m,18-59,18519.0
2022,Germany,215305,m,60+,290.0
2022,Germany,215305,f,0-4,5567.0
2022,Germany,215305,f,5-11,14675.0
2022,Germany,215305,f,12-17,9933.0
2022,Germany,215305,f,18-59,40434.0
2022,Germany,215305,f,60+,4476.0
2022,Germany,215305,m,0-4,5922.0
2022,Germany,215305,m,5-11,15840.0
2022,Germany,215305,m,12-17,12370.0
2022,Germany,215305,m,18-59,67286.0
2022,Germany,215305,m,60+,3935.0
2022,Türkiye,128813,f,0-4,6472.0
2022,Türkiye,128813,f,5-11,10213.0
2022,Türkiye,128813,f,12-17,6313.0
2022,Türkiye,128813,f,18-59,25309.0
2022,Türkiye,128813,f,60+,1186.0
2022,Türkiye,128813,m,0-4,6933.0
2022,Türkiye,128813,m,5-11,11278.0
2022,Türkiye,128813,m,12-17,7993.0
2022,Türkiye,128813,m,18-59,51813.0
2022,Türkiye,128813,m,60+,1303.0
2022,Türkiye,128813,f,0-4,0.0
2022,Türkiye,128813,f,5-11,0.0
2022,Türkiye,128813,f,12-17,0.0
2022,Türkiye,128813,f,18-59,0.0
2022,Türkiye,128813,f,60+,0.0
2022,Türkiye,128813,m,0-4,0.0
2022,Türkiye,128813,m,5-11,0.0
2022,Türkiye,128813,m,12-17,0.0
2022,Türkiye,128813,m,18-59,0.0
2022,Türkiye,128813,m,60+,0.0
2023,Iran,3752317,f,0-4,256346.0
2023,Iran,3752317,f,5-11,428865.0
2023,Iran,3752317,f,12-17,285906.0
2023,Iran,3752317,f,18-59,880453.0
2023,Iran,3752317,f,60+,105435.0
2023,Iran,3752317,m,0-4,262582.0
2023,Iran,3752317,m,5-11,418912.0
2023,Iran,3752317,m,12-17,247858.0
2023,Iran,3752317,m,18-59,727417.0
2023,Iran,3752317,m,60+,138543.0
2023,Afghanistan,1617869,f,0-4,122731.0
2023,Afghanistan,1617869,f,5-11,227822.0
2023,Afghanistan,1617869,f,12-17,170961.0
2023,Afghanistan,1617869,f,18-59,302325.0
2023,Afghanistan,1617869,f,60+,39475.0
2023,Afghanistan,1617869,m,0-4,118291.0
2023,Afghanistan,1617869,m,5-11,216969.0
2023,Afghanistan,1617869,m,12-17,138027.0
2023,Afghanistan,1617869,m,18-59,214744.0
2023,Afghanistan,1617869,m,60+,32812.0
2023,Afghanistan,1617869,f,0-4,3296.0
2023,Afghanistan,1617869,f,5-11,4144.0
2023,Afghanistan,1617869,f,12-17,2251.0
2023,Afghanistan,1617869,f,18-59,7709.0
2023,Afghanistan,1617869,f,60+,373.0
2023,Afghanistan,1617869,m,0-4,3305.0
2023,Afghanistan,1617869,m,5-11,3584.0
2023,Afghanistan,1617869,m,12-17,1984.0
2023,Afghanistan,1617869,m,18-59,6413.0
2023,Afghanistan,1617869,m,60+,653.0
2023,Pakistan,1576291,f,0-4,3171.0
2023,Pakistan,1576291,f,5-11,6161.0
2023,Pakistan,1576291,f,12-17,4616.0
2023,Pakistan,1576291,f,18-59,16843.0
2023,Pakistan,1576291,f,60+,1135.0
2023,Pakistan,1576291,m,0-4,3188.0
2023,Pakistan,1576291,m,5-11,6583.0
2023,Pakistan,1576291,m,12-17,5199.0
2023,Pakistan,1576291,m,18-59,13374.0
2023,Pakistan,1576291,m,60+,1181.0
2023,Pakistan,1576291,f,0-4,0.0
2023,Pakistan,1576291,f,5-11,9.0
2023,Pakistan,1576291,f,12-17,0.0
2023,Pakistan,1576291,f,18-59,26.0
2023,Pakistan,1576291,f,60+,0.0
2023,Pakistan,1576291,m,0-4,0.0
2023,Pakistan,1576291,m,5-11,0.0
2023,Pakistan,1576291,m,12-17,5.0
2023,Pakistan,1576291,m,18-59,9.0
2023,Pakistan,1576291,m,60+,0.0
2023,Pakistan,1576291,f,0-4,98961.0
2023,Pakistan,1576291,f,5-11,187166.0
2023,Pakistan,1576291,f,12-17,98994.0
2023,Pakistan,1576291,f,18-59,322715.0
2023,Pakistan,1576291,f,60+,22459.0
2023,Pakistan,1576291,m,0-4,98441.0
2023,Pakistan,1576291,m,5-11,195204.0
2023,Pakistan,1576291,m,12-17,106012.0
2023,Pakistan,1576291,m,18-59,352707.0
2023,Pakistan,1576291,m,60+,32132.0
2023,Germany,299473,f,0-4,1103.0
2023,Germany,299473,f,5-11,1223.0
2023,Germany,299473,f,12-17,841.0
2023,Germany,299473,f,18-59,4154.0
2023,Germany,299473,f,60+,188.0
2023,Germany,299473,m,0-4,1231.0
2023,Germany,299473,m,5-11,1479.0
2023,Germany,299473,m,12-17,5942.0
2023,Germany,299473,m,18-59,28371.0
2023,Germany,299473,m,60+,249.0
2023,Germany,299473,f,0-4,6906.0
2023,Germany,299473,f,5-11,19548.0
2023,Germany,299473,f,12-17,13929.0
2023,Germany,299473,f,18-59,57182.0
2023,Germany,299473,f,60+,5624.0
2023,Germany,299473,m,0-4,7236.0
2023,Germany,299473,m,5-11,20752.0
2023,Germany,299473,m,12-17,16913.0
2023,Germany,299473,m,18-59,101378.0
2023,Germany,299473,m,60+,5224.0
2023,United Kingdom,45376,f,0-4,0.0
2023,United Kingdom,45376,f,5-11,0.0
2023,United Kingdom,45376,f,12-17,0.0
2023,United Kingdom,45376,f,18-59,0.0
2023,United Kingdom,45376,f,60+,0.0
2023,United Kingdom,45376,m,0-4,0.0
2023,United Kingdom,45376,m,5-11,0.0
2023,United Kingdom,45376,m,12-17,0.0
2023,United Kingdom,45376,m,18-59,0.0
2023,United Kingdom,45376,m,60+,0.0
2023,United Kingdom,45376,f,0-4,304.0
2023,United Kingdom,45376,f,5-11,2036.0
2023,United Kingdom,45376,f,12-17,3970.0
2023,United Kingdom,45376,f,18-59,10310.0
2023,United Kingdom,45376,f,60+,3284.0
2023,United Kingdom,45376,m,0-4,136.0
2023,United Kingdom,45376,m,5-11,1441.0
2023,United Kingdom,45376,m,12-17,5003.0
2023,United Kingdom,45376,m,18-59,15605.0
2023,United Kingdom,45376,m,60+,3287.0
2024,Iran,3477082,f,0-4,250707.0
2024,Iran,3477082,f,5-11,377065.0
2024,Iran,3477082,f,12-17,252598.0
2024,Iran,3477082,f,18-59,785616.0
2024,Iran,3477082,f,60+,53000.0
2024,Iran,3477082,m,0-4,253658.0
2024,Iran,3477082,m,5-11,402417.0
2024,Iran,3477082,m,12-17,261561.0
2024,Iran,3477082,m,18-59,781963.0
2024,Iran,3477082,m,60+,58497.0
2024,Pakistan,1696974,f,0-4,8841.0
2024,Pakistan,1696974,f,5-11,21761.0
2024,Pakistan,1696974,f,12-17,14928.0
2024,Pakistan,1696974,f,18-59,49013.0
2024,Pakistan,1696974,f,60+,2727.0
2024,Pakistan,1696974,m,0-4,9222.0
2024,Pakistan,1696974,m,5-11,23407.0
2024,Pakistan,1696974,m,12-17,16877.0
2024,Pakistan,1696974,m,18-59,48609.0
2024,Pakistan,1696974,m,60+,3225.0
2024,Pakistan,1696974,f,0-4,0.0
2024,Pakistan,1696974,f,5-11,9.0
2024,Pakistan,1696974,f,12-17,0.0
2024,Pakistan,1696974,f,18-59,34.0
2024,Pakistan,1696974,f,60+,0.0
2024,Pakistan,1696974,m,0-4,0.0
2024,Pakistan,1696974,m,5-11,0.0
2024,Pakistan,1696974,m,12-17,0.0
2024,Pakistan,1696974,m,18-59,7.0
2024,Pakistan,1696974,m,60+,0.0
2024,Pakistan,1696974,f,0-4,85596.0
2024,Pakistan,1696974,f,5-11,176776.0
2024,Pakistan,1696974,f,12-17,107348.0
2024,Pakistan,1696974,f,18-59,328602.0
2024,Pakistan,1696974,f,60+,23046.0
2024,Pakistan,1696974,m,0-4,86884.0
2024,Pakistan,1696974,m,5-11,182825.0
2024,Pakistan,1696974,m,12-17,114899.0
2024,Pakistan,1696974,m,18-59,359148.0
2024,Pakistan,1696974,m,60+,33190.0
2024,Afghanistan,672886,f,0-4,29480.0
2024,Afghanistan,672886,f,5-11,50278.0
2024,Afghanistan,672886,f,12-17,83056.0
2024,Afghanistan,672886,f,18-59,106308.0
2024,Afghanistan,672886,f,60+,29687.0
2024,Afghanistan,672886,m,0-4,40688.0
2024,Afghanistan,672886,m,5-11,50542.0
2024,Afghanistan,672886,m,12-17,45709.0
2024,Afghanistan,672886,m,18-59,143671.0
2024,Afghanistan,672886,m,60+,20581.0
2024,Afghanistan,672886,f,0-4,6449.0
2024,Afghanistan,672886,f,5-11,9367.0
2024,Afghanistan,672886,f,12-17,4672.0
2024,Afghanistan,672886,f,18-59,14314.0
2024,Afghanistan,672886,f,60+,870.0
2024,Afghanistan,672886,m,0-4,6383.0
2024,Afghanistan,672886,m,5-11,9330.0
2024,Afghanistan,672886,m,12-17,4476.0
2024,Afghanistan,672886,m,18-59,15534.0
2024,Afghanistan,672886,m,60+,1491.0
2024,Germany,323828,f,0-4,1556.0
2024,Germany,323828,f,5-11,1854.0
2024,Germany,323828,f,12-17,1243.0
2024,Germany,323828,f,18-59,5565.0
2024,Germany,323828,f,60+,273.0
2024,Germany,323828,m,0-4,1663.0
2024,Germany,323828,m,5-11,2209.0
2024,Germany,323828,m,12-17,4802.0
2024,Germany,323828,m,18-59,25156.0
2024,Germany,323828,m,60+,296.0
2024,Germany,323828,f,0-4,6752.0
2024,Germany,323828,f,5-11,20544.0
2024,Germany,323828,f,12-17,15156.0
2024,Germany,323828,f,18-59,61592.0
2024,Germany,323828,f,60+,5966.0
2024,Germany,323828,m,0-4,6944.0
2024,Germany,323828,m,5-11,21901.0
2024,Germany,323828,m,12-17,18503.0
2024,Germany,323828,m,18-59,116258.0
2024,Germany,323828,m,60+,5595.0
2024,Austria,48997,f,0-4,171.0
2024,Austria,48997,f,5-11,198.0
2024,Austria,48997,f,12-17,149.0
2024,Austria,48997,f,18-59,695.0
2024,Austria,48997,f,60+,47.0
2024,Austria,48997,m,0-4,87.0
2024,Austria,48997,m,5-11,229.0
2024,Austria,48997,m,12-17,395.0
2024,Austria,48997,m,18-59,2295.0
2024,Austria,48997,m,60+,42.0
2024,Austria,48997,f,0-4,8785.0
2024,Austria,48997,f,5-11,4094.0
2024,Austria,48997,f,12-17,1713.0
2024,Austria,48997,f,18-59,9802.0
2024,Austria,48997,f,60+,89.0
2024,Austria,48997,m,0-4,8701.0
2024,Austria,48997,m,5-11,5474.0
2024,Austria,48997,m,12-17,2103.0
2024,Austria,48997,m,18-59,3808.0
2024,Austria,48997,m,60+,120.0
